0,1,2,3,4,5,6,7,8,9,10,11
-14.88629091748547,31.461304836359407,92.90336257643382,3.077554734525334,17.339999999999986,101.95919999999987,3.932431049671264,42.84,101.95920000000007,14.886290917485471,31.461304836359403,92.90336257643389
0.5284275185695796,29.76954620906178,312.3759945699962,0.7411876384606652,36.980925655069285,308.8042126567566,0.09863579469836403,44.89724799948709,303.88045368403453,2.4713786154591584,12.245906899534003,251.82046495434602
3.6702689744912895,35.700000008010164,52.019999898092045,2.692860392539432,18.359999996625664,133.1712011908531,-9.100825392877992e-09,5.351635945101873,74.51600105133627,0.9165189873732742,94.09203814174646,6.379524670717261
3.166583526844391,23.615305337579645,364.8173715666246,0.1602409259431365,39.59660411422675,329.55971432048426,0.097058491643989,34.57299934913957,283.93778452124127,0.7617064238970646,66.15459315509815,5.614710501234337
1.8213709961310143e-13,30.860248473837533,233.91474019825884,1.4326373006079865e-12,12.339806184047296,48.980897430600585,4.228788172253822,10.199999999999505,52.01999999999876,2.260672922274601,28.55999999999991,299.63520000000676
2.792595950789507,16.320000000966985,133.1712000422775,-2.2796789120997933e-08,15.867324612884067,105.8491081172178,3.482557507211828e-08,15.947146161027659,111.63907300408096,1.5957691216027936,41.82000000006846,351.6551999972011
4.783894600532499e-13,42.65650407032769,88.87931500355228,3.829845891853945,33.66000000000003,52.02000000000074,-2.682548823131742e-11,38.21216668940593,196.36239655939391,2.4734421385136267,34.680000000036394,208.08000000015238
4.069215629304268,20.400000490774396,52.02002231270943,-2.286872619295155e-06,18.910735143413305,60.501294558084155,2.3139214148742075,38.77696051535246,133.14191889940386,0.03025574946823395,37.45783008639012,131.9517490910506
0.006546012288376236,55.73432063503668,263.86693655229965,2.0266893884807953,13.266056612539403,351.7245008869324,0.27830646351472854,34.48789148133413,324.88779993259647,1.1580982576608432,40.967022559696375,338.9012668332473
-9.947875442542555e-14,18.94166209185351,129.49363345048906,1.922176441934244,23.459999999999653,251.77680000000348,-3.156640791422982e-14,6.302625559733402,112.89713868579996,4.308576628335493,21.419999999999998,52.020000000000124
11.570673261858222,9.651718844699301,102.36902536550662,-0.0031849173622657246,9.55504915603546,122.19002111162617,1.8949870367206023,23.459920015183783,299.6362855442281,-7.65258692119242,9.370223576506135,102.10385207099445
-0.3907477448640681,36.20049555099212,74.77339247311238,2.16288268099629,6.040312886845754,299.344727202948,0.06612146615160065,8.74742443432139,294.76534581492655,4.578452652881334,35.7426632825171,74.93646755018996
-72.27838924942911,48.86054128200237,55.70407322589692,-288.1908399621928,25.34692646291497,153.4522200977408,292.08174999968224,25.437383565124637,154.47491152345106,73.29187650327984,48.86556446441621,56.13007755424931
4.627730450246145,31.620000000839624,52.01999999844097,2.4911803618704316e-09,29.693990767560884,48.24344870631207,3.271326699273695,20.399999999994296,52.019999999999534,4.638826439850601e-11,24.937607541629173,85.41332675345119
1.841034091204402,23.45885591350561,351.6441733041545,2.5646339218958816,18.360000310951932,101.95925339918068,4.880040590850175e-05,40.8562225115399,251.93095221388106,0.0002539593071871769,29.7660678539581,269.4817900243414
0.14310212956990875,4.028769828847745,183.50962222562313,0.8463287536466421,9.371658039627606,185.4493162073473,1.8912484948239952,24.443441089586535,208.2521716696317,0.8399554936147285,14.062400508215372,191.09227709232863
1.5672732444333284,16.319999999987296,407.8367999996563,-3.1244822756817985e-14,20.409047784506942,3.661649470323919,-3.7716452430914926e-14,28.759361741783355,7.167483822577124,2.5532305945710374,34.67999999999954,208.08000000007374
-28.245382563420755,14.632987928392684,102.02107520394122,-29.633741481185183,32.64286266722567,51.99108261997276,34.26146927714451,32.642476449867985,51.994985053622415,32.002783945269066,14.59151675214792,102.03966940823535
3.2887661371292105,36.71863028515182,133.16801010074136,0.002568083333546934,38.48567931267533,130.8992048995431,1.5957691933064244,11.220001065747619,208.08002714553407,1.0282775951044166e-06,50.611865726847604,56.726523995785854
1.9031678033693062e-06,7.852347804830568,87.8456997737672,5.867558692627162,23.410633774263555,52.04101017963404,-0.8425244526565585,23.115950530160873,51.9632592502493,1.9026460802989498,32.64002401675688,351.6545816488417
-1.1998728593609442,42.247931676102795,152.026626113696,-0.20378079698271295,46.82806421364255,150.9149744186631,-2.106424014073433,29.61872382650651,168.69503732873906,-1.03453644504852,38.155624355052495,155.2529195911513
-1.6622595010751442,13.260000000780666,299.635199999318,-7.004463652024668e-10,-0.28527310563305297,146.7669961640887,-8.919569906146716e-11,16.291726953853406,58.86322774713109,-3.4574997635512466,27.539999999947568,74.90880000063932
1.097803600827478e-14,28.312998000195254,71.49749172976945,-1.559501641569886,22.439999999997216,251.77680000004338,-3.134546488868354,40.800000000000026,101.9591999999994,7.748029577717072e-13,15.733005995961376,230.78901326194313
-1.25620981820897,25.899823561551965,200.90716073161877,-1.6185512525111814,31.02526492361722,200.22873670967908,-0.6311577655982403,34.299213347319586,201.62519935634825,-1.2745465479563403,23.115997065916105,204.69449035011024
3.3643839550182264,32.43125206756401,122.44398250650877,-2.0944469718003638,18.359999999117203,133.17119999411162,-3.3643839426512723,32.431252063897574,122.44398255028524,-2.849587729790663,33.65999999669143,101.95920005669174
-3.2580286232316875,18.360000000001893,74.90879999957447,5.353564417371769e-10,29.394097315174676,199.7464924299634,-1.2275147092338259,20.400000004144342,351.6552000579423,-9.429051623655851e-11,41.64532748985653,192.43490423513134
-0.10882162760442776,52.30792800315504,173.82614739820968,-4.589895059040418,43.860417853571875,74.91586245436108,-0.24508217201465207,40.2714261588009,196.09473875233192,-1.5741898259177338,45.10403920168214,198.0343071138601
-1.5631738616817021,33.421168395005786,156.56978721571784,-0.45045917902987037,29.35928426334004,152.44443437572758,-1.9238334936970922,21.455756607169825,168.69932203449116,-0.9023449727960621,36.333914315439664,161.4828003443817
-0.0006820414243100078,10.26656266738675,111.66989989504947,-3.36387505444065,18.359826516835057,101.9648697235086,-8.30816760815661e-05,27.760301214968322,97.1821805773868,-2.4804574203038006,15.2995910681029,168.55847671455757
-2.2888204099706826,38.76083241761822,102.00597098253004,-0.01859839956760959,43.6862986667431,137.39495023020092,-0.08199405821926102,30.20189364749933,160.15025339241544,-1.9930204846611228,34.76802057604346,166.20055853310217
-0.7047359283724379,37.96141959835023,227.31801403675485,-2.8294317522954366,21.399269238584303,261.72624840987345,-0.17136872094982097,30.806087690655648,182.7351661643368,-0.9017756534833016,44.67005452194098,317.13348638929676
-2.2583030136264526,28.56645387715412,299.59449660132617,-7.902521895656244,15.440459356193717,169.5532098454553,-0.001292278003450161,29.154235569427463,203.3316298428025,5.566859647629318,15.068858466004551,169.02940145576764
-0.029406454046220738,31.01185400582563,292.8032480619312,-0.00019357953531546512,54.272478271934816,116.81532505935931,-3.7616419717618697,41.820072831823396,101.96039409998332,-2.2324927967521746,34.72607715594915,299.3281626904583
1.8920230269505771,71.84871833986944,0.20321058883056436,-4.0141685838667795,-12.354446957096943,0.49146436675963856,-5.106461189138339,21.419999999999998,52.01999999999999,-3.932431049671267,32.64,101.9592
-6.687356103037912e-13,-6.181882587798225,138.62792553437183,-5.234302234571471e-13,5.3853113253508536,162.676450230252,-1.7097526302912334,9.180000000005977,407.83679999991637,-3.191538243211433,30.600000000000012,52.01999999999949
-2.9379805823438985,30.966803390797015,170.75731893833458,-0.9739659556438434,49.853330473361616,203.70148167252339,-0.13510551915381536,37.50624875623765,127.9842991594287,-0.6664025048237733,43.70829213853868,154.6166960150648
-1.9573375368574573,20.402744692278414,251.76260638059532,-0.0009333534822158798,18.261891134651194,205.76819374852494,-0.0001229728327358304,16.117649908043568,124.61082175641558,-2.194468722067295,5.1002279219691955,133.17486321290264
-3.341141595544109,23.459999999756842,133.17120001671904,-2.9525049231112106e-09,23.798465862540993,108.57116649328307,-1.8284854517058424,20.39999999985604,299.63520000694285,3.10357863057969e-12,-9.23314575023498,139.0651392406777
0.007696955498102849,15.368309104095491,73.51023879149079,-6.5101486266791335,15.767914359630234,55.19267494538117,-1.095708797204194,18.260228858464867,49.915017110872526,-0.7877559058826045,13.22299376318229,49.374885738399
-1.9947114018649519,32.640000002297384,251.7768000145712,-5.319367357345655e-11,37.57439176935588,213.8002792501349,-2.7925959628829022,35.70000000001859,101.95920000090632,-4.774152489346798e-11,54.819531466738844,97.5624541369878
-2.6222329937125277,25.998690014184483,350.217273221812,3.964438950315023,41.05390831663774,338.32485856032076,1.9095719500529593,25.126621990520313,343.19772952333875,-4.752078204629954,40.62832469200304,342.8869955293684
-1.3220414504140152,23.27348915174552,125.53254004492726,-0.08815821077127865,29.574193875882386,124.44984902940213,-1.0916498863391264,26.19219481423483,125.1731290480019,-0.1707448205582738,20.276829153575296,125.83552032334413
3.7448515790918715,16.09874342159611,142.68981718151113,-3.7575631458183776,16.09729007486663,142.72464502246396,-2.4697851109385045,18.37683581372671,168.484666886947,-0.0009412836777186009,7.548664974331762,135.68426253765762
-0.967542252887356,46.803779468125725,218.434282177396,-0.12569687276550404,53.62976406125096,210.62357782527965,-1.139208523812563,41.41535956634989,224.50297325145664,-0.1640270231667562,36.500176665595795,229.16404664920805
9.798165934191302e-07,34.005722989479665,37.40372108284576,-0.4879360424879909,33.64711766739104,74.7754701692907,-3.7009116818017977,33.6616624063409,74.92628295632413,-5.372758023765617e-05,36.23817182211511,63.624899779672845
-0.11363401983996496,23.943368237825663,313.6859747402742,-7.574759998278353,33.34888948014269,314.74393579287903,-0.13014901097643866,43.68921182501965,307.0243965477248,5.94231940414675,33.292593634272926,310.5886106147934
-0.08546215132144051,51.692088525154944,212.5572952655784,-0.9536422295607667,39.66068648173297,226.12396712793145,-0.737112772776209,44.95168888110084,220.1294128597742,-0.14812281629906,34.87449939786422,230.6636143839954
-3.488323149078161e-13,26.162112236766472,83.67827343484129,4.683366474363167e-09,35.74482617165993,77.27235785065078,-1.1288262290923828e-12,37.384538210156656,40.46566016874578,-2.726105587425346,35.700000000003456,74.9088000023042
-0.5285634267027808,22.44000055946672,0.003789974222623872,-0.5285634267027807,22.44000055946672,0.0037899742226235387,-0.5285634267027807,22.43999978053796,0.003789970603510028,-0.5285634267027807,22.439999503893873,0.0037899707874021614
-1.2439821455542013,23.523981553711657,231.99747616957447,-0.13298739387083922,28.584392845693635,231.84355275378613,-1.06990192914812,18.762983394031888,230.55378776358768,-0.08880821445928118,13.048143028169902,227.22229308590278
-0.09190497616263785,14.110762363742884,151.22491993903733,-0.15463013444230275,0.0737874621892099,144.88379798734704,-0.8745018326045374,9.734274075846454,149.51692773306027,-1.0052374321326478,5.302713221006812,147.54185301969582
-0.9272617101328485,22.126672863018243,366.3414872461743,-0.9482969081502275,28.744539446604765,366.59729541258196,-0.09632664206881922,14.729593430616218,363.8111446383295,-0.10293246349289976,36.05544041749073,364.64981482918887
-0.3774546024131785,10.073714064566028,184.98197193346851,-0.0257713684137038,3.7490341242985226,175.95504637783216,-1.029891017775827,14.571439336861811,192.7525809708017,-0.4340621131833124,17.71558255643086,198.9237411836691
-1.012956373748523,24.39005141667805,193.04585538380906,-0.09532845447418685,28.97377099487964,192.2844814796445,-0.9302049099675012,20.2259987559866,192.37727831388293,-0.07623342133257684,15.28906763979911,190.1315791678722
-1.472208344653994,23.922093606039265,127.8899576228716,-0.5774633459426759,20.899906186109117,127.73372902693748,-0.2078049456317268,26.819218347554063,127.68621212272724,0.018699930398916466,17.901817345849164,117.57008163771826
-2.8923315329104953,35.70000000000095,133.1711999999654,1.5347132325053937e-13,35.80901939584354,152.20084922380835,-4.708063155417055e-13,27.630734380372836,95.6734673241495,2.088175351374927e-13,37.95523710039548,73.29247829707973
6.581188949806861e-12,34.57615528178513,34.967304782226726,-1.1405784520829786e-11,35.236216811216124,51.06165151295389,-3.5239901427310545,34.68000000000838,74.9087999993506,-8.097974419427458e-10,34.65437077448211,80.95949334023102
-0.16223272700079433,23.407420294242424,158.37975748416835,-1.0973800105543259,16.19798313337749,156.85832821540404,-0.07399685827180559,11.690925348974668,154.090234916587,-1.4629133777984056,19.74783871972101,158.19187198491124
-0.06351081112174595,23.466228111570274,361.9566164054646,-0.6262212710053234,30.870901553486643,361.69410493029574,-0.6782527374452297,37.837254887234145,359.4477411906272,-0.08732826257315858,45.80208802964787,354.94916678206727
-0.14385603736414274,16.37489188122594,229.2180632593854,-0.9299167468717359,11.445089514122838,224.39041641954682,-0.7325956851622056,6.004709765012733,218.08670948385281,-0.08762777006661537,-0.9146419442685491,209.99479013256857
1.038526467212981,25.490855294220456,307.77205714325953,0.11370117731376671,17.882547196903648,306.22823567194405,-2.162785618440691,35.63198907421354,303.7889910367463,3.0877792635827337,34.888419094364316,309.44449977623105
12.747884428315606,9.529732615867797,104.63983970689728,2.1276921591572924,11.220000006112,168.5447999672879,9.901856576024397e-10,-1.279385882787787,92.29513607836581,-12.747884425451849,9.529732616157235,104.63983970307659
0.8388527604393962,12.386869835269382,129.28207980998536,2.2252412465364055,9.990144704291414,127.91129553947694,0.00038282691342622296,-4.1749701529496965,62.94298124294255,0.3950721721339966,6.691793441198378,125.36979052857026
-8.450002591328213e-11,32.62247601594634,41.91823957954667,6.69374320455458e-11,32.620413387173635,40.67659345114304,3.5904805236262445,32.64000000000049,52.0199999999537,4.20622022876222e-12,32.66061891608716,63.11811809291288
0.4509753065815592,40.23176500983666,128.9685201723401,2.1872376490265646,37.66825879994322,129.92575092748842,0.39295740033738447,35.28652795920771,129.70375496679296,4.513679877710912e-05,53.332297886083076,54.412782498787124
-4.888966859801268,-2.368008246531874,268.4828171252306,-1.4115233553953137,12.27569085109502,301.43005442772215,5.597554327557231,-2.1967765532904475,272.0768169425607,2.5786909248179457,10.626943928999134,313.15421592633345
-5.751144203018867,22.35748097459175,157.26554822351372,-9.886554775949768e-13,35.64040576592992,154.92865415856994,5.751144203016445,22.35748097459109,157.26554822349985,1.928221021943231,27.53999999999919,299.6351999998885
-18.79213867194423,1.2160379661870815,181.8447748762494,-16.248468014645294,19.525843279802526,405.150410933161,18.186031680878656,19.510513936313828,405.4328166734367,18.7924177608713,1.216029656030546,181.84564460850336
0.01632103805655244,43.80812383473899,208.80639814349067,0.03287030797521743,37.98733948443037,223.4339639945586,1.9851489797207744,36.637044882319614,251.45090310817244,0.0014784701989482931,52.14672815773213,188.62081698369167
2.0631558511273287,38.844094772891204,72.48979030487574,1.9601764983500827,40.81930746466397,72.81898573958318,0.026676635439694944,35.004000684554775,69.11202426952022,0.0017818025865072305,48.092757641505,59.179776881853954
0.8876125641443903,38.481701089131406,154.3932104053495,1.6326368071472832,34.70806913397696,157.42123075946313,0.2786306784680087,31.28474751511446,159.06841700234762,0.05329471953950384,43.60652348859678,149.56376828491258
0.00013472032747809156,4.709334742265597,258.8619102846435,2.2263566535708557,15.301956249728594,299.626230497861,0.001018171982172014,12.213939453203368,276.9793413197032,0.5130403715886144,-10.71619676108051,4.102105161677996
0.4008185699369573,30.18949117258913,243.74936335675028,0.3581572319327095,37.6806647381257,240.355289928557,1.5322291894925881,33.632998322759065,242.6375322628933,0.00013074255856621869,54.53697232478382,127.52408027992303
0.9188974922632788,35.761168016706,164.25775518326623,1.4583089861675027,38.25041681881142,160.9756898636508,0.24709978812465178,42.192442294843744,156.66945421329032,0.0004954148753626354,54.09539725951852,94.97408460579317
0.07601748143487018,35.596178753550475,190.82318567355216,1.038347486051896,26.67481486292531,193.70067732933157,0.09912419792114818,22.206238356945075,193.05148855470858,0.9390682527806966,30.752663951654437,192.9983276679008
0.030321920196083405,32.86148342327822,94.5094395431771,0.1461403141178007,24.001132490581178,97.04188354754909,1.5923295953163037,26.735861932690035,97.51754372033587,0.9740636459334047,29.22646711318852,96.89932447971923
-5.374176290243418e-12,-0.4408485139615851,5.011865142440963,-2.3235603132849033e-07,2.1080570202393014,57.63890290158512,2.337913493613206e-07,2.0958886532391365,58.24521299337274,3.1345464876756304,6.120000001788487,101.95919999140145
0.9048319298306575,40.19266917825688,51.33246132653098,0.4484475495941477,40.84035147536363,52.611210326715344,2.0125022472215037,41.09407599795408,51.55117838904936,1.8303728562817616,40.766469563685874,52.170328658458025
2.321750854771131,33.95246895362995,50.15388413733658,0.008264349321409044,38.928030665658476,46.68853162069376,0.5119759258077049,35.74627124343412,49.063136105611356,2.4991670391825402,32.95660379414124,51.27760293424217
0.01267668580837035,15.020909992694051,180.49284426930092,0.037523055728976885,19.926178616306697,191.15285408514382,0.0008652664349805108,8.180812684018932,169.90987576436825,2.2265135413816406,21.48274807454466,207.87522903273992
-95.47420286673983,25.822559957706744,115.65407123441322,-26.091162999335793,6.94369502765555,108.3857368485177,27.342025308697682,7.045285946931099,109.75896475787225,102.21951811055058,25.587418893657127,116.75518527797887
0.28693719082666097,20.964729179412323,55.344295858993654,0.6175326264175274,25.884299062900364,88.33565061642533,7.0023995524866,9.79301660049543,102.83091383278185,0.5426362825445993,29.781973502366693,181.261006988788
3.4408771684647843,34.680000000000426,133.17120000001518,1.3809540475418243,25.499999999988244,351.65519999987345,-8.367645170871316e-13,39.07694575144351,153.85873945879428,2.39365368240892,34.680000000000405,208.0800000001194
0.35165457738415384,26.225310203533635,104.3599382622025,1.0072069696392825,19.85144317944094,147.62132438595597,0.8390364678686878,13.575178360813979,252.83773918809163,4.863889294506168,37.708413533683,208.10097666718858
-6.814404788847535e-10,10.496675037123188,97.0702211370635,2.5646289460810534,13.259999999312722,101.9592000027381,2.0612017820822097,27.540000000042593,299.63519999830237,1.5957691216006258,40.80000000008019,351.65519999819884
0.013489130376664127,-0.7735509898877715,250.14166367657316,3.3061288566153584,13.048498582201761,263.05028649303705,0.6733337319509536,26.330504047024842,252.8358329560771,2.6934796768105027,42.81799409823892,168.95885710607791
0.6107698687503395,11.929432015694834,337.0898669760493,0.2926237522867204,20.659443225712028,329.5216201529311,1.7636952311779848,6.918632069284569,357.04830512445653,1.7901470014258705,38.716834082813,352.05676147060814
-4.331293144596377e-11,9.55326861958256,219.33078544555312,2.502456122416521,23.46000000013161,251.77679999856747,5.106461189137774,16.32000000000011,52.01999999999755,1.8719599312249635,9.180000000556207,351.6552000061241
1.3962979814053007,42.83999999999663,299.6352000000695,3.590480523612899,15.3,74.90879999999996,2.0833652420958706,30.599999999999703,168.5447999999891,-1.1792888867693003e-14,13.170570585508248,122.10656633237834
-10.96233211978256,28.113953074546203,92.48323965413859,3.0334552911127255,25.113032610587045,335.16367627806136,11.25099822270251,28.156224177644127,93.15043693891603,4.302248188048725,41.77493874423458,75.74912465958121
0.06807875473247005,26.032679603778295,262.959998264574,2.1608154295315254,10.198492323011687,299.60918318375997,1.777120110119215,33.95268260193292,297.63301491114214,2.5442603233352763,32.637028657256614,208.31902471403802
4.228908464062668,29.58003511169177,52.020334759043344,7.3385472133064615,37.30947742485592,102.23906458398372,-4.497562291614196,37.03670345417574,102.03321223253855,3.191627128677713,40.79996926570722,52.02052386465467
1.061634862637569,37.79451446722044,146.71070129164843,2.182727874988692,44.11146160600144,190.57903139123215,0.16906716181423076,30.291195225223976,109.21674110638834,3.4815552352535604,21.746953508339956,226.73640889406283
1.9584439219702108,41.819999999997336,251.77679999996764,2.5931248226093153,8.160000000000005,133.1712,3.24852999755502,44.8800000000002,101.95920000000342,3.565908566411624e-13,57.16044241294014,108.72429586426269
3.5921559748218073,15.94576832581496,348.41332993102606,4.7533513268108845,16.014284050098404,140.84800995072314,-1.5501162439024314,12.807848629116277,127.2690091379674,0.07024407131117659,-6.465531667153791,85.33597690415718
-7.9790503819361325,44.00900138568043,328.9364663377074,9.584193979396131,43.84870201334981,332.13060778281,2.727433530497607,14.672245064394396,374.5118697849473,0.37349785115857476,1.7111113899318942,353.9986673108843
23.389902767189234,42.30200578422007,133.41791079519368,-20.10703224752375,42.213983462016245,133.34796294160807,1.922174306519575,18.359979740549516,251.77642805598785,2.992179873410232,37.7400048124793,74.90932294711386
6.003647283475861,34.62713525426892,298.75610779872204,-0.27963544270237095,27.65194439906487,111.82443544883101,-0.3879269079316757,22.084999403028323,175.69620038469841,-0.0641574213772323,33.96963969505121,70.42193492173551
0.89044836106135,32.60405912426434,269.93497032755596,6.409482766350704,26.13669603295433,187.8253787690827,1.9367567294293295,7.262294251973652,169.41447898157725,-3.895647305997124,24.687151932534114,172.3503803563413
-794.4102743283387,15.817735985895201,85.0422317419751,-279.4530534174943,42.5276445501741,81.48710669175243,798.5875007119959,15.850186871353033,85.49890872717557,282.3309097496453,42.52119754143258,82.00429395436355
-0.5320494768358944,53.81729531104302,29.44285837319544,-0.8999685034091236,31.433524558049758,55.224975106895904,-7.141932173823702,42.84111145692541,60.2865223703731,-4.107217846767508,18.76206145730469,80.63703024338854
-1.5053912693959451e-10,22.95118786428865,139.41324140927475,-2.172019082191387,40.79999999996873,168.5448000004703,-2.3537594541873554,9.17999999911035,208.0799999877042,-2.678612454297671,15.299999999978604,101.95920000101222
-0.3040606500822934,32.11058335248766,241.45254080720687,-4.540931631599512,44.89561798947617,51.40780229967447,-0.5211870766713961,24.478996949854594,84.47728712976966,-4.981943548233591,10.711159347447936,114.41459938322022
-4.559233633190276,14.378727015756656,120.90893105738047,94.03709293742226,35.640037759903606,87.59288275923632,-2.7406385136400346,31.639788549256227,45.895442598558944,-96.66235094268184,35.502354334560174,88.67665393222717
-3.965071889000904,16.31566138252602,102.08587441173395,25.23220616647164,14.292795575116875,218.9280814526263,-0.33272614274849194,-3.0795036281811434,202.1355471929579,-28.70858213900301,14.604476805159592,227.74419433756424
-1.3108103498896173,35.70000000000889,407.83679999849164,-3.1345464888702743,23.459999999999514,101.95920000001736,-2.29391811230954,6.120000000002043,133.17120000003004,-1.642208710096753e-12,54.903450808793146,202.83690704677963
1.4108306861590458,13.584299320935175,40.51573743886963,-5.689971942329016,25.93058899058869,82.71359398744822,-6.54688672896517,10.558729548346536,64.85318490517788,-0.24692221921475838,33.642707044142774,123.54042463040125
-1.958305613682407,21.486173673257188,168.293912344725,-2.242606195048864,19.344324550712535,133.55689956829144,-2.3827755223856575,16.321230396050577,101.92594796250312,-0.0008704652631948665,4.926602762342604,108.19543356117845
-1.116500977074697,8.405262708995151,368.16828422943155,-3.442690013100866,22.43965612613804,133.18488828897682,-0.12254866504482954,-3.5835674998159415,323.47593434633285,-2.048688145628269,25.28990421752237,352.98058658310083
-3.2480193636190093,17.334342568336925,225.69515442445106,-2.41638582826583,39.708225562581354,252.45288552684354,-0.39887940938834787,5.332998002293501,180.61768467761308,-0.5296988607441797,-0.9064635556502385,233.8153549900797
-11.291262169529736,30.905960695127234,75.01479124793742,-2.227418016910311,24.479936190976815,299.6342660678404,8.304255844601808,31.01615043267965,74.96099616979457,-3.4764951784865503,43.860022207824414,101.95899549631042
4.771923436363498e-12,38.44836215540921,263.8303710764849,-1.8949758319108891,44.879999999984165,299.63520000014955,-1.9947114020037702,6.119999999998372,168.54479999996573,-2.0744998580906673,10.199999999994505,208.07999999998867
-4.521345844542527,42.84000000000269,74.90879999995774,-1.0680835971322114e-11,32.93646803174238,173.05767746713974,-1.9947114020068866,12.23999999999618,351.65519999988896,-3.7899516638072446,28.559999999997125,74.90879999996525
-8.60292774000421,29.537297054018676,133.51082265631703,6.358909878420261,29.52206712670295,133.63196275529413,-1.8748791580544375,14.279263859752525,208.07272673223292,-3.5907846044863287,18.3600957971028,101.96063489541591
-2.249457491699268,16.3369408347737,251.86348904082692,-2.529145173606093,8.161481050956658,168.57393124168004,-0.6003426750682419,44.83739867759166,336.36967335000065,-0.7166126401212376,39.361221998497534,334.2954204784266
-0.02221492078531802,24.328910064840038,215.8462799098703,-5.034677525364922,40.93564375422816,224.199237992588,-1.340322636794365,47.9166117522606,248.9124120291199,-0.1100253702818429,28.795326204092994,194.50587891081747
8.330229287691305e-14,-1.6812861552734335,150.89840526994942,-2.3437858973586,11.219999999999912,133.1712000000031,-2.2939181123081323,9.179999999999792,299.63520000003126,-1.4247938585765025,34.68000000000054,407.836799999989
2.775456494452939,24.039867821349052,154.0515280510621,-2.7169194483560255,37.52287957540296,96.47610530453152,-7.077601760071138,21.003214716200866,224.40434520948853,-0.4595930342599897,33.812023229196406,81.94770798049399
-0.12017364495678204,18.54410960902803,51.750082483705036,-4.179305321731176,6.606290061634447,119.4197131599374,-0.2657041962759145,23.256013454469173,81.9199309167712,-2.068034898034892,29.882901741177186,269.927046242384
-2.7356042084699475,39.78000000000108,101.95920000002862,-4.259598123889458e-12,51.71682297003509,151.59433739338982,-2.9635712258392584,7.140000000000035,101.95920000000027,-1.8617306418694304,37.73999999997202,299.6351999995995
0.0007528359423358326,50.93810539497868,699.6650751725066,1.8741652413368117,45.895815182360906,832.2783491250996,0.00024688588569249294,65.07620830205408,628.3051456329054,0.4315076140233021,65.2230574475249,3.623985011866292
2.5930097985997076,47.93979226278592,299.63414160258657,9.827746373621477e-05,50.531400895054176,261.38435773444536,3.059771779539225e-05,58.46142691701105,238.61877777702063,0.5972725421817746,67.73632810503273,4.611409163137926
1.521781618552136,40.76334958863514,532.2686192774734,0.0030461519560931764,52.70629622620213,426.11002055007623,-0.003296397338415114,34.23133600172869,456.2780472834019,0.00010480882506084575,65.33563267531181,191.9575415986069
1.3298138920614373,41.81998525851821,1198.5396084843867,-2.7604970963804573e-06,28.479457238508637,813.8168733985981,-4.153438423914988e-06,45.81110236737915,811.5277001095186,0.305997725255561,59.6442812968767,2.862526653830334
2.1661406201579576e-13,70.41196633674366,733.6556546376097,-5.740199626087981e-13,39.82779829802406,904.4939481391817,1.6131144381453493,47.93999999999447,1100.7431999998676,0.37119420471225106,68.33184028683894,3.2589510863073654
-1.2812845399398494,55.476757474276305,604.173449556198,0.09333005236880071,22.811832505615413,682.191106500939,3.872470749129015,49.054232563565236,739.1772140607397,-1.3473393645377185,44.006638108543015,607.65018957116
0.0002805260055603563,48.77311218308422,905.8597555468391,1.362673144411537,43.856268658431155,1198.4862540036042,0.0001908880146712291,66.36238732438147,867.9142814943046,0.31364673468593063,62.56708121434396,2.9090874343133204
1.2538185682419853,43.859999548368044,917.6327903064755,2.6617824951075014e-08,61.14230003450946,284.90483825081384,1.796987418256976e-08,45.010080592918996,357.9871548204984,0.2885377228651327,62.6118781791814,2.755081316922303
3.2654463899037114,45.727604608738346,207.44013775486596,0.10702317670072747,46.450787322534204,178.04564444993005,0.016353707405064616,58.59112896317175,145.94141140555314,0.06569157060958547,51.5799984661988,159.47583788944002
0.2464848775906179,52.94685464185047,178.82925773377215,0.21098298043911465,37.89358026187809,189.58643387257618,1.7779900990836908,47.12898758641229,183.42131806157005,1.783783949836034,42.397650506935015,186.88863707958092
0.1357008257380425,31.164136718429184,516.4605789195451,1.0186067434642403,40.36751007843428,502.83701285801965,1.0925517086284007,50.00331057557335,487.3313065666331,0.21237556317713757,61.515633960468456,469.64534481443246
0.47871946425235723,40.49984579077242,971.9949593559643,0.6804309820866954,47.71801968137478,945.3395363263228,0.10855087839517849,58.808925155397795,914.4840758775073,0.2837550361159062,62.70616476889445,2.726456501455278
1.1679050554279098,49.7248544949306,216.62697400614735,1.314955170624921,44.36368735338984,223.46845685943083,0.2088370950832672,39.70038075132449,229.6028346606762,0.1777285641954244,56.53951488807332,208.62363620918617
0.04705332677242477,29.402469112080734,503.03294044865356,0.8213474971805452,49.57048268601788,493.9736825456304,0.5456112536609107,39.72781028608923,499.7894760372284,0.18875793357365878,60.68832498927662,484.9569366125072
0.3054464630368523,34.0931264200868,595.6205127743416,1.1450597907413416,42.50453319445241,560.6668817426078,0.1578425636653502,65.2162922431656,484.60688579230145,0.7296415477408227,52.59627032630707,516.5907772443504
-2.193847507867596,34.040812133239974,300.94926122641704,1.19751495913507,44.76133915734187,297.9425140717089,0.228560513941132,53.11428437491519,292.1761269758238,2.9441382404637046,34.775732024527585,305.46257266918093
1.1635816499623723,41.8200000038037,1198.5408003083937,-7.652033969148849e-09,35.86719389375746,714.0859459384325,8.863528498018396e-09,36.473336689664855,763.6477988049328,0.26774936691768647,59.71184712773482,2.6297079663161655
-0.012775891701674749,41.80953909387656,660.8501469296398,0.0069703247177779135,62.89307565922751,357.247269168026,1.6280491225380411,46.85758588076469,750.0683804911715,-0.004870634375855865,62.059369654694585,325.06041371078004
0.45965669565130135,38.872448020891014,323.01919296625795,1.6153551241455253,43.94552945935753,307.59534004986295,0.9779654612080181,50.5873552962309,288.77794388873036,0.1574873124198515,59.37647694640132,270.61703443319533
2.2511742873199907,43.85999998541213,407.83679992738564,-7.667441718635349e-10,57.65285209153431,299.45502073226277,1.069706592648676e-08,47.409963249007255,338.4983748064601,0.5183304547613408,62.060621538378186,4.141473493261017
-1.0675628903184384,47.91277353723367,600.6956897591559,-0.06353445085498671,23.878414284125675,606.6801172906535,-0.697960273387386,36.28792745445217,605.2374311333015,-0.25846757225180894,60.762739505858676,592.6222813056543
-0.2409778023620987,65.58375981932144,865.1738713803783,-0.5409811885842387,31.39117845027564,876.9136866010442,-0.8298404415699172,47.799081649280964,873.3252616500953,-0.060758273317857006,13.730825589852923,876.2566458964006
-0.49857600468434604,37.11278393821251,657.1290485262231,-0.044427352440084084,23.64663385593782,658.5531819849049,-0.8124443938892028,49.69956943015557,652.3584810368005,-0.2199336867306893,63.54012565203641,643.8639474696728
-5.937132652904897,47.07764134195275,259.7769120073636,-0.23403971642976978,57.761765302971476,244.9758117241454,4.035959579603644,46.78737585922723,253.45491455961948,-0.20954393550707687,39.83591297743326,269.78024289921734
-0.07080668970067786,32.797113156395,402.2476413119702,-0.7751092534905807,41.260467932491395,397.7912947475404,-1.0555362012238643,49.553437892584626,391.11177610143295,-0.2171346444258099,59.19835678121508,381.5748802412602
-0.2083121609077097,55.93857755915568,496.14198808773966,-1.123315505512727,45.174784607514255,504.1005266823764,-0.8628938782929868,35.65553838454304,508.9730699534216,-0.08320758785078333,25.639542768897332,511.2526548173031
-1.8812883839068348,44.41313451783071,184.8414678363269,-0.25601922394241317,39.98438666982692,188.948291723599,-1.8071556065761396,49.29502349476352,180.04090673573205,-0.2743056475712034,55.413914392316975,174.07880881830857
-0.1879378877230104,53.556810344105806,341.09794505889613,-1.190270421841867,44.86119550724615,349.0573303909887,-0.10526578798222629,29.926543883730165,357.52138420704074,-1.0351082529553255,37.46462155285031,354.3423856635386
-1.0490895964395712,49.49521285275813,390.0078162614253,-0.7557925579602751,41.13712859594409,396.47760598302483,-0.0678808483276833,32.57190037813896,400.70300655446164,-0.22006959680251004,59.18229861866413,380.6523085083154
-0.05424763201051422,24.577127931374175,499.4550542543265,-2.32144108405008,42.8309118536017,566.4414011270012,0.33735745182623356,40.406429718106885,449.4436326603503,0.26436580959000316,49.972991411928696,446.54034446496155
-1.042500468605654,46.81421470802225,303.73372906678037,-0.15600963367617723,54.802449007375444,295.2356053096497,-0.9921044965535709,40.231793305018144,309.8609437443408,-0.11090263918911773,33.79640172664916,314.18558995661704
-0.09815133718275183,35.47800579598582,312.07362908600743,-0.882718838667814,41.994230597049935,306.82852165251444,-0.16297992786993457,56.90777531322758,290.5508412856726,-0.9730325522273058,48.72843234512639,299.84708088725955
-0.08347227611124236,28.594712167050503,455.3171136544237,-1.267327094400779,46.75423461545463,448.26738520159944,-0.9272624848336248,37.89135990777888,452.98656461604577,-0.24584592965916896,56.83025988353622,440.5982230363617
-0.7794429638412279,48.48464311092256,864.0320741791404,-0.4916181086172782,31.920462097634857,867.5151605998911,-0.23865016157073649,66.41968228132086,855.8943466774293,-0.05419532929608051,14.073204337617764,866.5089876778671
-0.8162750859095051,37.462436640048246,354.9625765745842,-0.08195353510459047,29.94284074255067,357.934639855875,-0.9466991554453497,44.82116883656693,349.927666907108,-0.1493782224546433,53.455869866110106,342.2547932121072
-0.8859301292286476,43.66461805190298,303.58383970619195,-1.0490856333139857,50.542712427145915,296.0158822886723,-0.19966285152145874,58.870436106099646,286.24895574112355,-0.09547601261313823,37.03955948433746,309.55780917298296
-1.0144574992904773,38.590372771319466,356.0902192738325,-1.1506470412945469,45.869562607381845,350.3825423592243,-0.1812719858571957,54.493620977790734,342.06866192326237,-0.10537243383042809,31.26323450830911,359.8606630956155
-1.5153327328265824,48.91535373156138,180.92650862255707,-0.25365957981724574,54.84866304277114,176.58080751295864,-1.326745465547615,44.003093687055674,184.37364917137597,-0.1433881145418995,39.28382863441587,187.2448178657326
-1.0570155102164154,50.448416995457414,215.16868644711604,-0.17798928414398021,57.33091383146477,207.46537564962904,-0.13640241141591924,39.908750259051416,226.7882993858003,-1.0447220371027568,44.93693737236051,221.49252944251347
-0.19718739666379553,58.94251468877595,597.8405021342629,-0.6124671325446842,34.73397076605911,609.8299010531548,-0.8840848770024472,46.229099252433336,605.5912039582281,-0.05841755026791193,22.456660955684825,610.9675906745962
1.6571540610345217,41.82008126838555,351.65638470878565,-1.101070107602911e-05,53.28787817605057,93.409714643544,-6.5143096096244395e-06,42.53141041127716,107.67132054130767,0.5802169689261093,63.80338237456702,6.067878437370678
0.01980613663511692,21.215350324938974,303.95679555864456,-0.20129593874282917,32.376967772635666,299.2451840582497,1.7691931501346916,33.445658339533374,331.7225032905777,0.3330144741747707,40.727905840621034,326.5378669549786
1.835134489837208,34.679999999966135,208.0799999997292,-8.793646181557124e-13,32.361486474583366,77.55152915659293,7.585081539930274e-12,39.946277333400374,77.79933121488857,7.318843086273456e-12,48.18757969417559,92.92593178138827
0.7556835737764893,25.120716321183423,359.7737734976131,0.4198537223476518,17.831293513164137,349.8250257173747,0.03394647662725887,8.73065100295898,338.1256130849182,0.19036656543666372,31.544712195959924,369.82488407148213
-2.8543546649537066e-13,5.3090536761752745,29.37733259835395,-5.749652615588728e-14,11.404749587437069,31.91172481132255,1.7798963279446143,16.320000000000896,351.6551999999939,6.226757255428303e-13,7.061313257724114,92.33945221972014
0.27821215480348893,41.938386791275,119.03206582476088,1.4221622821482856,36.27798654389493,130.18331640889812,1.5003059884230898,38.30471233827431,125.99841890218984,0.014425929028773503,47.389726164430854,111.0112897114851
1.1792690166169353,37.15206227310194,189.8264189950406,1.429378351925142,32.81997771340103,191.84941171119488,0.16371489772994252,28.427246262973508,192.62427859686647,0.10180385699867282,42.49909001981985,186.2640609143594
0.16208111991876156,23.03316502152692,233.43466565842513,1.2468805202174609,27.85917411733206,232.58231527612844,0.06020928414977694,38.68582728814189,225.01796899015463,0.8759860686006545,32.64455889424207,229.96640734667602
1.037586484153605,27.322869378357975,319.22041757920414,0.9825277334625615,21.37639167643922,318.4820049667803,0.09452580223761897,14.589035683881049,315.5255939558118,0.10970650394897728,33.84924677488525,317.8744866103039
0.04316014117947336,6.886629006897876,312.448172586173,0.04340400635068997,15.04581879556344,329.5412254040545,0.0076019871186851894,-3.3075001710180096,293.8925786930006,1.8578418030038168,15.542421662100427,406.3399976956463
0.321063203709902,43.52600642323289,97.43955719691137,0.4953540390755484,38.71990899494889,99.09441111793822,2.078034157771458,40.87766549789402,98.96506671243698,9.774500894222093e-05,53.90975118933304,40.33973009270294
2.661417308586918e-13,38.53125772630486,101.77531891701327,-1.1978760856701915e-11,44.0117123400547,37.47434334539487,1.1852006587593123e-11,43.85559621024169,32.6512824839108,1.9060575619177857,42.84000000000089,168.54480000000984
0.46927450994360054,23.634703720356917,99.69052224281789,0.2814303777480367,28.018199022425097,98.13527422442495,2.0756351330107514,25.581532304806306,99.66731417902939,0.00032274188072319466,35.471843276817104,85.25524483213124
-3.885981722792034e-11,39.993563417443134,28.665145029676342,2.480795825767368,40.79998396466973,52.01957641682396,1.428838522205265,40.80002784523926,52.020735549369476,2.705802614437239e-13,49.615853254888606,6.457804642268498
0.6165926251044592,5.449610154740821,219.15552658066213,0.23530214128697818,-0.06434731193742059,190.59943696415797,0.06139823445132852,-7.744985163001219,174.4125574235418,1.5444850872515115,7.685750500715207,245.55901832313728
2.039038322047674,11.219999999997784,168.54480000005785,-2.485942362807678e-11,15.379415806661887,102.7007120653489,-2.6685530144885006e-11,11.635701639404175,101.67954123545654,5.38849353841195e-11,13.35161666409383,111.78528710029413
0.100339892903568,20.255318623349236,95.84070558913267,1.3736413728173331,25.40696174980756,96.46918650047796,1.0973317521165247,22.996208849550786,96.12391903494996,0.24233353485773457,27.662700578606476,97.27840962937223
-4.201708186090375,5.777179930587426,180.2791938136224,4.252482595531612e-14,15.662025181909117,228.91452238921377,1.3809540475432749,5.099999999999734,351.6552000000079,4.201708186090494,5.777179930587404,180.2791938136237
0.6005457846779942,7.137774832536574,212.729104045583,0.08578927878535833,-6.238331535253051,184.48678812992964,0.45327894393245094,1.4013282334081876,198.11114044794238,0.7308120523576078,9.29734336016437,239.35089870895897
0.7190241013547789,37.50432252265953,100.4553709542218,1.8269706185385393,39.17788182532287,100.49137173586261,0.03805745366896312,42.48104065887552,97.15312262922305,6.6828366376904585e-06,31.75945475693554,32.81725131416271
-0.10401533605892425,38.27809159929581,121.67053121320268,-0.9231426847874259,41.84596583203114,120.36979582139934,-0.9908213851598832,45.50537931215503,118.98849353839644,-0.1394488742438398,49.82366950758722,117.30968368749981
-1.8939456125520455e-11,40.197534830610884,80.92680750931463,-1.0612456669943682,41.82000402860415,74.90680127832992,-3.304838009908051e-08,42.96577779150752,73.12956166393037,-1.731350263336699,41.819997508937234,74.91002510224631
-0.19018592040199223,15.535784512245542,156.06203225415766,-1.2741088730434302,11.746016083906419,153.85388120353306,-0.918690102005383,7.638440922783943,150.54477099649313,-0.08674421434513417,2.3519737863579477,145.9406065137493
-0.01813357044173479,10.073564695908605,147.81440817018188,-0.4830858383482504,15.65682014679086,154.97811193724402,-1.8615745965703656,19.39445647211624,160.02335755757883,-0.6876429848965959,22.12731539062737,162.7794767953731
-3.30398174814872,40.80182521379999,101.95125939146234,-0.2225980954004529,37.7984654824756,78.35110348903869,0.22096740150562375,37.79856257592892,78.29641438954296,-0.00019218524097144046,31.899139870059635,80.92877235109762
1.8659761603567353e-13,21.54772305893622,54.261859802678444,3.477641610254719e-14,16.03898171393818,35.45300071591444,2.1854917220186634e-11,16.33326252052528,77.58587842291061,-3.1250478631665595,16.320000000000142,74.90880000001853
-0.6282146354320886,41.644223427573294,185.1389947016768,-0.8609761037363819,37.007960187041455,189.13895360487342,-0.06005707218689401,47.55609830190254,179.66155159095277,-0.13169763036601942,32.733097740096255,192.0171510370499
-0.1828741781948684,-1.578683293634066,293.9963676878735,-0.08863914669058369,20.527009868544276,306.9797147931913,-1.1025464444520006,6.495833675377599,300.2626086672305,-0.911824857142015,13.424781134628828,304.4447385589705
-0.05106589545227686,11.45916768143805,47.64306261944121,-1.0628915807678083,12.806310850859663,51.844454560590115,-1.1127096571348052,12.658507955525248,50.656522558556254,-1.15340528478261,11.345709259933372,51.096152570694436
-0.16977274951343563,31.01558812803208,194.68532913493908,8.2106165499107,25.269029878555283,193.79964234332894,-0.08804290634951167,18.767734084727945,192.01305944455385,-10.190310677794686,25.280475143226855,195.1749813921649
-0.9235619334487589,8.949493732229064,185.51419109643973,-0.07933970349617848,-2.422913898072674,170.72462905583674,-0.6521548523351923,4.015371224015675,178.84041222535,-0.1741467820150333,13.15157379205511,190.84740515132404
-0.08023875744552213,19.33827669680405,272.9370683104026,-0.7162855733117959,25.154357772010968,273.3096394709521,-0.0525242566104567,37.02464451311793,267.9788206407818,-0.6152607771384808,30.5930721163331,271.7625270152018
-0.06918956892939787,23.009458544561145,364.2888360858403,-0.6031195066015815,37.13131056535598,360.0002405511717,-0.6208608751259667,30.222661912574164,363.2294866209127,-0.06904036760203117,45.2065404152213,354.1543071704865
-1.4383847661633433,3.937567482865373,66.86962670894737,-0.22551606659620493,0.7812915138151386,66.22232015286787,-1.2779638114911431,6.669284081468761,67.58088344131434,-0.1471406579618853,9.30874384881009,68.4046204184592
-1.2740935079666555,4.626395449006026,90.80739896536512,-0.16614798694959126,0.681415978405317,89.02125604688345,-0.11988982182124469,11.231255326292821,92.63131043784009,-1.210256583521686,7.909787983779789,91.99878920697978
-0.7678060438311125,10.575725475625548,338.1455047268728,-6.008427621197354,-0.8489478057805301,314.7509423293051,5.402530217142806,-1.0220262235708126,311.53731880384026,-0.11992145674655778,18.47453130190158,350.34016167965916
-0.647619421831931,15.012718132753577,304.14341580724647,-0.09767049499359279,-0.33174571280632675,290.3145464634769,-0.6745038279469803,8.011190629571827,298.5381037387742,-0.07304291330305718,22.0383878191124,307.72854518535917
-0.7674713074307491,39.52094699593004,50.768587026188214,-1.5502168359363027,38.38049945563149,51.08302643499551,-2.096123404307343,38.76140557538497,52.71570979177652,0.1719562091491112,38.742452533633596,54.298321554980916
-0.1573929991956689,28.45387036061463,231.53084164129572,-1.3081588128626318,23.405291821771154,231.0113354067617,-1.0327769750363167,18.51356250019153,228.93235786320997,-0.08188814099761207,12.543981981297307,224.8756705239621
-1.2472338189475887,30.29894710808626,157.63197137550065,-0.12086232260829995,23.060411132813307,157.4873884853922,-1.2634995960136193,26.84310367092182,157.85292312421805,-0.11802936709837414,34.220651852948194,156.78232289176736
-0.1900494350224929,29.201179572691494,233.14779603636802,-1.3051470043732571,33.92539130614287,230.68259270713415,-0.9033792109521951,38.90619612160793,226.47290626522152,-0.07321186779565102,45.31567166188184,219.93691710846332
6.4163182969068176e-09,30.71303078951301,47.37164828704721,-5.186249651504216,30.60000000085249,52.02000000632848,-4.885514004250748e-09,30.429861656349264,40.507099178232515,4.784045237959483e-09,30.64545418626874,62.18416099972804
-1.1069794678471752,11.109754754780964,91.89659157253483,-0.1805953651753244,13.75577556070338,93.74454694853556,-1.4913426131779688,8.123772917458044,91.91728193714712,-0.3385829953454589,5.085360302166852,93.04862717423556
1.4172403124853473e-08,35.787441411547746,81.59095486510495,-4.255384350339625,35.69999999939536,74.90879996422751,1.2001757024604966e-08,35.550467907245924,62.95298886282149,-1.1618346061959003e-10,35.251685547647945,34.944348275036226
2.2959726332267573e-09,37.91527319516377,62.23405975080993,7.860577308994225e-13,37.32615659694037,23.86268054818848,1.8381921919971447e-10,38.00066628339216,67.0428463023738,-5.425615015940227,37.74000000002542,52.0200000017072
-0.8662522252871909,17.213064671268814,51.09702079823075,-1.081735331502407,17.747031691393616,50.146603332003195,-1.108781673004016,18.854952163900638,50.16816707043829,-1.1483014019507933,19.322479009757735,51.227498633391946
-0.36147203536214767,17.222349198325904,126.47860522558923,-0.06963497109167224,13.638130481868865,119.79640088844187,-2.776025744675602,18.62871969919477,132.5981419481515,-0.0034455973729654965,8.363290497093876,112.95739389212018
-1.0962808364824432,35.17296990903646,229.36372530129375,-1.1802675870183537,30.33258037025067,230.91285398162498,-0.12234041072828036,25.231505347044692,231.0808904867125,-0.10527536130499698,40.915998261000894,226.2071735620743
-1.2049347894728406,37.01038285403727,188.83868947761292,-0.125132664206328,42.22138592869558,186.3680261528464,-1.3150630023716385,32.61081059928843,190.46344783341547,-0.15470840293541616,28.179396941091923,191.5661936841224
-0.8377812165664122,40.03069117189703,308.3208942931516,-0.09781213096237171,47.8031603825192,301.4022204380935,-0.8890012622812831,33.55095476428003,312.6763292492113,-0.10273737044158321,26.994294795631294,315.0158246754032
-2.7293017891616786,27.540111171427952,74.90764158507189,0.01194233197601195,27.0354849126224,71.09522135926161,-0.008937050455431845,26.91208947065141,70.48322878617978,0.00021922890242035916,31.019037157620307,68.57757197896849
-1.6086484052588783,19.54337100325041,168.483639986392,2.3960546114547114e-07,20.128716464617522,9.90418590812613,-3.504218949499406e-07,20.121357967800193,16.685367982126383,-1.317494153222832,19.180520333425452,168.4746977047851
-0.8970053377971607,41.80460636055891,120.27776251475252,-0.1358680067604899,49.849836174673065,117.1586374825099,-0.9773067356063116,45.49261458389951,118.94087345516324,-0.09545566447763205,38.15269455462784,121.38054052954261
-0.09799482041717125,-1.32293426543693,290.20793630823135,-0.6705635853336245,7.0070351108909295,298.89411649531365,-0.6487100535565927,13.948978275704992,304.9477511995632,-0.07412618059215488,20.844549723358096,309.00203662070953
-0.26737097139479404,49.131795930205364,118.61265029641616,-1.0035744685139847,41.49381191513373,119.02546672384658,-1.300949631961205,45.15779678210508,118.2964977443056,-0.1217083189665793,38.012765299298344,120.84455816938568
-2.4420400965750496e-10,45.80116373537338,73.3164383029038,-2.5596557788577505e-09,41.583055223169254,40.09844673396332,-5.505403465462788,43.85999999994129,52.02000000191978,-1.4715714631214798e-09,47.772815388019986,40.863783133468644
-1.1282121827501754,32.03033951326019,231.9354198959,-0.09841677308861399,37.50403232365824,229.23856890228916,-0.12005077671564895,22.366020844420678,232.32289894217158,-1.2207883769523389,27.394838311128044,232.89185452013376
-0.8271193946976586,37.798702838537885,226.13011445890868,-1.1219672729418524,32.75484982053019,229.8360251654141,-0.06959830380343936,44.16998631035486,220.23041505605988,-0.15246333660796108,27.851624088124364,231.87059882174876
-1.0824107165115116,39.18066080713337,268.0752307461456,-0.11094319994015299,52.36868300476394,253.3559409910679,-0.14699833654969183,33.69730081470135,272.52295587582853,-0.921596943875362,45.02489926161303,261.86207277069406
-1.7797269745995277,43.270358036436406,74.25046105554213,-1.76145175468938,44.45597267390425,74.12935820887535,0.0010748954068049046,46.179155147783945,52.070554727163795,-0.0005879810829765306,47.979194970224036,127.015058384821
-2.3945866516022254,44.87975541029082,133.1898453069808,-0.5041306647368476,19.322424689688887,353.4257901628047,5.387107079484813,7.072027382882916,345.3689939168241,-6.528088909509502,7.457634996239705,350.80320013042325
-0.7359987409804378,28.94678488926412,92.88304872500211,-0.9047159221832861,36.39597069223829,225.22220856424852,-0.4207350519610068,22.990766926121164,48.055808887095694,-5.050813544078389,10.651333110599246,86.86526178001162
-4.2745038631304385e-09,21.88236545180049,187.60257365213118,-3.391009385349735,13.26000000009584,133.17120001267565,-2.1941825378144726,11.21999997763883,299.6351997209666,-7.655684441117518e-10,30.327590943478075,204.98915592917513
-4.587836224615587,44.88000000000223,74.90879999996797,-2.1276921621939207,16.32000000017365,168.54480000107634,-1.0119181839983232e-10,28.758130537326004,86.80429366497079,1.4671053011772878e-10,20.671214565110475,102.00001713320742
-3.7320242129671106,38.60690944490356,267.0276421840937,-0.23629246494764794,25.9861033890538,248.38005184150498,-0.14546732135703735,51.87878292077285,256.5252373070232,-0.018029725603581938,17.254012111421957,251.29966254969017
-0.3599232031883529,1.234767202266674,368.43546633422227,-1.653009174535137,9.486401207114625,387.30533733318276,-0.012655692977950227,27.075760065662735,311.43243423472467,-2.1747896489022858,25.498925015939555,168.5827628234797
-0.7652588725724401,40.47534857869203,65.24066376833096,-1.4562367119239268,47.09846602439432,128.77324242868806,-169.12216378551378,25.3157676325871,94.71405616948275,164.29457562330123,25.19226724090246,93.97912235900009
-2.5266344425422265,41.82000000000157,168.54479999996963,-1.922370062749446e-11,-1.2786182090563483,71.9648122316787,6.09897899802518e-14,29.70668146759319,69.99633090854341,-3.53348876925083,12.239999999982192,101.95920000029408
-0.5349398358729335,16.242783117646916,51.24349845183788,-0.025185718079411015,9.247350897854409,70.91682502055409,-3.1105595307773903,12.26957110199062,74.79296767255825,-3.1377183832824755,15.141894930184561,51.771116082440116
-2.357300820129964,30.600287923413866,251.7743842869352,-5.70374568893525e-05,25.58338703000143,171.53550519439156,-2.450654192305792,33.65999909447221,101.95926953227841,-4.813318611682876e-05,20.009471069867956,205.39906071023722
-0.15381561040712682,43.11920674566448,313.68278060755847,-0.8662999576879047,36.044019468898064,314.6722991686717,-0.4374849340706402,29.132489807064,314.7615642535234,-2.468757687400469,10.203559735467168,251.8028320729053
-3.9206732322665645,38.330214311163694,218.34258042809319,-0.3757930155167139,29.608629592008956,207.57374665901077,-0.026855452617200543,23.585080242995286,209.40641157224118,-0.050203090843393666,49.29695323277488,203.6212226072362
-4.148999716242807,22.439999999930663,52.0200000003981,8.903126075647392e-11,18.26377854384643,38.09405986723869,-1.3393062270620193,26.520000000002643,407.83679999992466,1.0917704361155397e-12,36.4138545306684,72.04169551111646
10.892227019566546,5.875112519110528,51.981673844244185,30.298711644986163,6.3269018476035015,52.41169705731569,-45.377149472140985,6.103145058287775,52.55377424406048,-1.2823144198018575,29.580002758729535,407.8366834428734
-0.07746013540348154,40.09457803093107,195.06205099054782,-0.033236741328140966,46.04358466784389,216.42672262699668,-2.2840777250079567,29.714504012226296,209.67290429260586,-1.5333431378002564,29.85377787547004,295.4290642148553
-0.4727136171841565,39.51359877932194,123.96706039134811,-2.430334313492335,35.43282612450493,125.00940246655696,-0.013260901589336587,24.16544998152445,106.04197768013691,-3.2649688590315398,29.60209168073064,102.3502828916076
-1.8031654511959756,3.917715477595637,241.04516518016072,-0.21648993860211072,11.136959506753533,229.15148045204336,-2.0391119790027035,36.719775615531525,168.5467612791871,0.28552075502184904,1.9412138053182555,219.39322937066572
-0.26389204160163965,39.22026480446739,234.19413336288446,-1.6387850339389762,34.00530266303566,235.67743757939076,-0.8296417376637374,24.654868434872043,243.12710496751694,-1.9663939465540967,28.58560050989573,238.63583711151173
-8.390917706789996e-15,31.63294466086459,103.7500436267833,-4.258337613006759e-15,26.041069006583434,59.94502639228598,-2.8495877171531045,13.260000000000012,101.95920000000028,-1.8719599311144048,33.66000000000011,351.65519999999793
-2.393653683292656,11.22000000006602,251.77679998585234,8.652296624562475e-10,12.56370968585878,178.25737613861853,-2.1108046998806284e-11,24.50542835513029,139.55872922318832,-3.351115155343096,14.279999999999065,52.019999999815155
-91.90248857588522,12.190623479967423,118.85107555658566,-420.45821702948786,34.414772469329684,66.6891681078677,425.0587492086498,34.36652011429588,67.02328910318474,93.48677029391725,12.23637217570554,120.03591640674887
-147.41902616742465,43.9481254723299,76.78672178096203,-492.7920245544813,20.150086660798568,73.75875921680148,496.4976413961161,20.19125972159036,74.10099310084675,148.57762765134223,43.93880024465001,77.29131541670868
2.306750717811045,13.260344755799759,168.55999942054126,0.0018267057683923726,22.418818318168743,198.66333311141332,0.00028605226325820155,30.210369303876995,213.89357894000923,1.9587482128468485,11.207441059991218,299.51127811723427
-15.84012268682427,21.984741716991216,52.08227675998362,-11.381337927281772,14.177679122670797,74.40648233402315,21.012297845910734,22.096864842077878,52.14493169299864,14.505244295956382,14.199166063724519,74.51200090978772
0.34972457747363445,24.800354169539588,271.99862559889834,1.9542091987475227,33.641877861239315,208.96053285839054,1.340475746477834,32.519291846050585,336.88216532034545,0.07308355091888855,16.797196458964567,282.42439476466194
-5.66497024952999,-1.5199612778444775,43.35138594211702,3.125047863140543,10.200000000003229,74.90879999996481,2.1760488021960533,6.119999999975176,251.77680000020615,5.664970249523723,-1.5199612778436773,43.35138594209861
2.5759929054741564,15.293594335586358,102.0059239130996,1.9180366294307192,11.286913279162494,168.26963732428806,0.02214014025819747,6.865501298386425,108.46354842801631,0.00827519554465437,0.2255403430172712,114.27598310108637
0.0006097750159904228,3.170636166374257,132.45102814937778,-9.334035098164156,6.108134296446555,102.61127841371588,3.05860444239837,19.379969305613017,74.90891969952541,12.467998373019375,6.111224612017601,102.44476122667909
-45.480538906001264,22.07798478493451,114.61186929566819,-21.02216914016773,3.521984705443608,117.8453004895252,50.003132203503434,21.769975204817086,115.94336875388043,23.068775902659976,3.691967819894213,120.85802323661156
70.36564702345939,23.577081768400653,215.23766146077196,353.4339788693413,26.391904935487787,265.1143712829987,336.4051120098287,28.327887635962846,234.51227451312565,-751.312674735328,27.015546187613587,249.81227769428617
1.6281846668769426,29.577165046880094,351.6744682808361,1.6466530452142962,15.316319021507443,407.25525940799395,0.005844960365598418,7.136475788492273,379.0506232692857,0.65974288685963,63.53317614149387,5.0038913835275345
1.9947105642355327,16.31999324822422,351.6550792302247,2.0445797077845,38.75999948697154,133.1712114853162,1.0999105279899206e-06,23.873142655034705,181.1926959503242,0.5973913741078103,100.02967784649016,4.601485591935555
2.393653683601475,32.64000000022482,101.95920000780656,3.1915382427780736,37.74000000040461,52.01999999745937,-9.417396237974452e-10,28.779713153898744,50.80871569170748,2.4973062242572122e-12,45.28716463441389,11.181552665443993
1.8375501952416997,14.164752874975408,251.5664324170717,0.15838473897465213,15.61925633677505,250.28678739090944,2.212326398446172,38.759949080795195,251.77754934063466,0.5648835707396593,97.27229248454958,4.429529763677923
1.54630933943865,25.912240649340273,250.73472125425212,0.00015945002322575332,43.21724260227951,155.79231826617837,4.946908677086804,34.68000229073945,52.020105624522124,0.8898057385748543,27.575140512332638,250.00777204701726
1.453227374896527e-10,12.831078282162641,85.6215818352684,3.2912738132208883,20.40000000018258,133.17119999876564,-6.181316945113886e-11,15.807279007783025,80.60385005284942,4.069211260272666,14.279999999981753,52.02000000025353
0.12520907560036487,14.642071220292204,89.38147385275244,3.7030705231408514,39.60177776641465,203.8559291329784,0.856096305828915,-23.1571526513019,6.151028540615847,0.856096305828915,85.88641508085524,6.151029683828452
-2.761421056870315,33.44486300675773,47.46841485602487,-30.069165047761675,44.40206196534977,62.34070825913894,7.381845742845537,32.271725186631485,58.078720484886766,32.0240802531863,44.29412226590663,63.31599927136713
-10.820070486672668,22.173028156850666,98.16293719553087,-9.311247845334247,20.650898363181597,98.0012333243885,23.714812223319374,21.461628186701375,99.66332492874703,2.662650136435108,20.400430577731832,168.51801111206152
0.7014162574370849,9.298005726768327,186.20131829565022,0.2640570043041372,-1.7159245960950837,180.16767101075072,2.353070278164389,23.455074242281757,168.56442120384744,1.1985655185030388,4.067103672257198,182.2318441604457
-1.1306079060940772,23.261541842002824,192.9645682045786,-0.11534383318965591,27.76657235371773,192.64637842574015,-0.9619275438216249,19.058739209545017,191.8434898143888,-0.07427721589495774,13.956039213392659,189.0137122768429
-0.06993207921740249,33.0485023046736,95.47535365432121,-1.3050635506057793,27.59605472824756,96.78112845150588,-0.9891378782749222,30.07004234015271,96.31278082521652,-0.1540069911466078,25.030929853571813,96.87987442610884
-0.1276515084371183,6.476754151710561,120.08614295551814,-1.1579402100497795,10.516630334544251,121.47339766878123,-0.12921520577908271,17.451217993589584,122.97530601577233,-1.1912541974030018,13.954112465360371,122.40308256072402
-0.7626680526495079,36.14442978085472,302.6238196273174,3.696622126893355,46.46815759984718,293.92651526835846,-0.07941579518388146,28.637460407999946,305.0384850997894,-4.4582837229778525,46.117402634949464,297.6488934573627
-1.2622669778478817,5.114452453304927,146.53610755445064,-0.1667374587565645,13.549812158093152,152.3340949659077,-0.19856059909707482,-0.1295290543946946,143.85174330517262,-1.2122236530063246,9.511905492711323,149.19797118739402
5.702449657288685e-05,20.39558861805802,164.40334762543677,-0.0004893678483091042,7.235526468846312,239.3388622979268,-0.010128319993237277,17.700963970332552,276.84285033136206,-1.585983690779031,21.44673823871208,299.50443935480087
-1.2951411758571358,17.08540605992137,100.92781458212053,-1.2675759544969882,15.599049472469858,100.31936567794185,-0.019242266086570096,12.070884791822,96.6340196781595,2.6008151195244105e-05,26.333881723098965,57.97542755105234
-1.061418384004262,36.339682044891845,50.07433828784887,-1.1914632967319763,35.19623316168467,50.06812648852218,-0.8689539220013164,36.82072208229929,51.12238345939107,-0.9264772708748129,34.563798656961346,51.04147858701578
-1.1778572064656965,34.518609714313406,190.53145951668472,-1.1524301686665757,38.89083782946322,188.96438708789816,-0.12802896607973388,30.070167147072787,191.4893610595254,-0.1322423651742457,44.01068304554317,186.79048549549793
-1.0215766805072672,8.572086285414256,221.48903139525288,-0.16849380409544504,13.479270347705768,227.92633923381862,-0.834958629142002,2.974585938385032,213.63354914273316,-0.11861120886254464,-4.188911534428508,204.0748136274931
-1.4464780569768534,39.16868910659923,99.32556777633633,-0.8850464723857516,35.76134863704476,94.3201929689505,-0.1800606398789423,33.70663311039376,95.866166155837,-1.0028113708021875,38.10108988578785,94.6083428620385
2.366508702477695e-11,16.430722484105956,14.375881143170558,-8.937822542894134e-11,20.903243652306077,45.548919849931025,-1.994711401870923,15.300000000194588,168.54479998255906,-8.89332258213033e-11,11.550478531051882,42.628162304976364
-1.2665409730722428,3.293315167235352,147.1435216374906,-1.1078429493096391,7.706484295811124,149.58524468026738,-0.1161004462805233,12.02152409697242,151.53870383859405,-0.20469828606973023,-1.9767166509998904,144.07166459917065
-0.23472836437668415,47.61043806015845,92.40111187923685,-0.1964404044808996,38.369819962387886,94.55316307137574,-1.873918537133807,44.19115555860273,93.27130993351955,-1.7411471587900376,41.258128116194186,93.8514225434375
-0.7569230140388318,2.6890208173899492,212.96090142234374,-0.10402749569596668,-4.557168662053237,202.22461044262852,-1.0373295985727922,8.248801327772311,222.09117630724634,-0.20362190511772205,12.903970973439293,229.6742736592463
-0.06316973995998942,22.063079123776507,356.2486866094791,-0.5843089962775145,14.457578071194252,352.53003715279016,-0.09809223597744195,-1.9382260373263127,337.90258571947646,-0.6406439099291319,6.940928484473889,346.62416057467505
-1.9419133034356288,45.095252149235264,93.17140693215218,-1.6386747248361535,42.10776405117466,93.63747840158656,-0.25983030240425503,48.53897831550418,92.32463580778582,-0.15047505663152327,39.02150016278569,93.95019899037695
1.2242952243961183e-08,24.47035872840346,112.41887921745617,-3.533488781390943,24.479999999998093,101.95920002106563,0.3290891309932218,24.511999966028043,63.8190529902794,-0.3290891311156285,24.511999965930965,63.81905299226067
7.220498953465325e-10,19.223701833984187,46.582797932924244,-1.5229222229541477e-09,12.430589412412413,59.2423349912946,-2.4293246575620916e-09,15.224466887545038,47.71386131432788,-3.5239901408176593,18.360000002259156,74.90879999235074
-0.6344658266574442,9.072657610261281,299.9175029647984,-0.09016345307226424,0.8357390163442822,292.5537986078285,-0.6006391139807576,16.043845453653955,304.73503761565445,-0.06575687478581202,23.133599441691793,307.53938427896435
3.0069584312741178,26.91530839185646,344.6213281086548,-0.7031409556177084,38.86567770339737,339.1200427015278,-0.10382771138832558,48.41254126718568,330.6449077499063,-3.5834293584092842,27.394663688901012,348.3185581218122
-1.5955958924054547e-14,30.385099574188455,15.977302034731867,2.034066776391516e-14,19.174598964333935,4.583181516770376,3.132103467859609e-14,22.25107238228166,1.1084207854544987,-2.4435214674587735,17.339999999999986,133.17119999999846
-0.4971755364043736,13.259894994662636,101.95751590103416,4.613460516885737e-09,13.159004099483052,116.67300033001099,-2.409403939622709,13.260021667141078,101.95954754320235,1.1643945731475955e-12,10.898575055061556,24.186414191055974
-5.362849292338151,39.71855338502526,300.21435320498506,-4.321012506319988,27.062359977732658,314.0236005362302,3.411752440950265,26.506080289561872,310.09884586184256,4.737859519813021,39.966116227747975,298.0154253556483
5.06001329023993e-09,29.595603595706898,32.306835626676644,-5.757380788433506e-09,29.765194791660907,33.55819903331916,-2.3214674790801522e-10,29.578867157711684,73.9669360719077,-3.271326698321335,29.58000000000032,52.020000000994514
-0.5298086264411282,43.367632597642356,294.6173680254039,-0.6393646566735435,36.895346570589346,304.15626210725605,-0.07393313292952472,51.56744209212638,285.5657275609809,-0.3701649202681961,33.2131901070029,327.85549069750294
-0.37185837707763353,20.400000167071568,0.009653554458646463,-0.37185837707763425,20.400000167071568,0.009653554458646574,-0.37185837707763425,20.40000016710891,0.009653554458646574,-0.37185837707763425,20.40000016711893,0.009653554458646574
0.0024377329361519274,28.8296621618554,302.5681745191415,-0.003139299435877253,55.227890058657145,312.1183099024857,-1.2893587439233092,40.73230409147369,406.97959194769606,0.0073984075741614815,37.417790929131584,301.46624600219786
-0.09171239453810175,1.2616908303800796,212.32253170405008,-0.825116990819945,8.097786318955569,219.63843030858044,-1.022196976976813,13.528003419013052,224.9218224958959,-0.1441271440180295,18.626134093611434,228.64222071199276
0.09048531623322865,30.3139773027111,56.12593804783041,-0.9423832100566065,30.31461063375498,56.12894591170567,0.8518978943983991,30.314677906042053,56.12926541939057,-3.3245190039631756,30.59999999998148,74.90879999871454
-0.8400597804998918,8.193335817495067,220.21175846206017,-0.8648514667146942,2.5545225005249512,214.42041172677298,-0.10591229755272301,13.444836342610675,225.08857211403276,-0.14231595717462758,-4.386896581877595,207.31908792711005
-0.8942307804807115,41.85200834647954,52.01017307600827,-1.049283168381015,41.79810539779026,52.01438636327448,-0.5586060850085466,41.82684078975958,52.049551593712465,-1.2479665842310295,41.81241141646398,52.016105979651925
-3.425656932265077,34.65130420942164,73.41178631319328,2.973045275406746,34.64913696144915,73.29783570776405,-2.4729642477213876,34.682646662473715,75.04582239756942,-7.919370438340997e-07,35.36960313281793,33.10695393479219
-4.867095820640986,29.57999999999742,52.02000000126554,-3.7414644919433115e-11,29.521705434516804,54.110203005501795,1.156567914775869e-11,29.602928834778375,23.70592136581103,-2.3033579904984799e-10,29.63985658108314,41.474351472554915
-1.3502873045158965,25.826610533273023,126.49159481570129,-0.17896689512264216,20.509604008014723,126.89537929018528,-0.16968882547333797,28.507107227329993,126.84942413799224,-1.4211860213789038,23.22033549301557,126.59210469118604
-0.3016920623011843,20.112226131775486,97.94593585897061,-1.7484324706328345,17.715906602407397,97.56878064729173,-0.016181664218125787,10.921654977095768,92.11439291054816,-0.6189027009808253,15.067402856973004,95.88069012550271
-0.4653647444508444,21.41999973490579,0.022291841644308974,-0.46536474445084514,21.419999734905787,0.02229184164430975,-0.46536474445084514,21.419999734905844,0.02229184164430975,-0.46536474445084514,21.419999734902202,0.02229184164430975
-1.0283400415469126,15.844724483441198,228.66819227722132,-0.10991040051072716,25.961315438504084,230.19369522777066,-0.10235157773961014,10.058681001206976,225.64050561385517,-1.07770789288407,20.75802306626601,230.11693141921833
-1.2906882084040441e-05,24.10052982545989,95.37633850779335,-1.2117705251780745e-05,28.861878104535545,95.33984705859045,-5.301837220502941e-05,23.014839863723846,122.23198008689484,-2.3935855422042693,27.54010605737368,133.1707737062476
-0.089920193920982,33.54261975523361,156.21754777290204,-1.1502561763813157,29.433032656210962,157.6916324957021,-0.12449143550785002,22.154273971295893,157.69033618293358,-1.2918104980515799,25.959874255313725,158.15724190521544
-0.08012979788197627,12.019760944717111,351.7982446297876,6.849253906970461,23.54733321351455,354.8647134875616,-0.07914813635986974,34.72711791417917,354.4437837453994,-7.907014401831877,23.53804306302694,358.0890039120486
-0.07029549043012379,16.976098864309424,155.0660386958445,-1.076360890714527,21.358798850808782,157.3145547913299,-1.369856379642683,24.896419231073576,158.15939003264472,-0.1412336728871518,28.699611150847478,157.82767689620812
2.677515136803916e-13,32.32621355308364,9.945719921716156,-1.065118040984769e-10,32.39593932072738,42.49727196235547,-4.2287881721554665,32.640000000007525,52.02000000035266,6.554332698777042e-12,32.91236988623788,91.15843207025256
-5.3496156394555175e-11,28.36403119446562,101.2790585498376,1.73118711757407e-10,28.31919854606655,93.47370482748472,-7.372218447655157e-11,28.40226316055477,107.73842068279622,-2.1443147572035604,28.560000000001224,133.17119999973656
-3.711934441008968,25.576602817406865,340.57156709620676,-4.176401212926851,41.360707219974046,328.9349193529798,3.01350332614572,24.96037874058322,335.13455968067086,3.480559035202675,41.79944172317552,323.61200998859334
-0.11306866881098832,-4.161771272116035,335.37740720028376,-0.7319276218642573,4.792230915681255,345.92937279683434,-0.7040901892731696,12.217593934067935,353.68079886366206,-0.08285266632972112,19.481619530263735,359.34674911529174
-0.783134453587811,29.546272815328066,194.64439641841025,-0.07021424817095738,21.243795099320625,193.87363540513894,-0.06334456053238804,34.128039682914746,192.85766067216846,-0.8155023990212511,25.64652063619607,194.95761050087972
-0.9670423699473755,31.072947117711635,231.7070096119816,-1.0709430762867993,26.410779167852976,232.67111478109393,-0.08242506072590758,36.576391353568965,229.00907307940716,-0.10827943647158293,21.357058166903023,232.09799997320513
-2.3848098438502126,37.81591920347425,101.49328635650538,-2.7101536279856773,37.477682670777824,103.78392166429484,1.5572682433861296,37.4130076342091,104.36033505268692,0.004833587172023464,33.14359084953012,94.96595790004548
-0.6818176101576057,37.76135234769429,303.5382521137711,-0.08159683463182583,46.07438848261989,296.1318416015946,1.8986749673674217,27.47899389187399,307.60837339925706,-2.5342974694342066,28.14708377239158,311.9631091215944
0.21090615814091732,17.242840989294777,194.91889526158616,1.002927112553347,13.385356973664493,191.01079012500023,0.5415860671711995,8.825226210937746,185.36275565809206,0.04243563145180907,2.66335954306938,177.76268323559665
1.1302640515307676,35.99924618471274,164.34573745013637,1.2060905348450608,38.39560396388028,158.92278751862264,0.24971220478384448,42.60382332681459,153.67957643766945,0.0011389183459788222,53.559851548102266,103.43700486138769
0.0005887081708733866,33.12748461054952,213.94687217824355,-0.00014480757364274704,31.893251400371252,179.15781239179006,1.3292614282714175,30.597245281459884,299.61560060660094,0.0002345120653197567,43.039668023555635,226.06741180451758
0.3725190670067293,42.3693488825627,73.3120465469761,0.1952844074633157,38.89241617260133,73.20856787922247,2.1138751068780355,40.699833145743675,73.78981184391394,5.682358782929255e-06,52.203211041006426,14.47552835349517
0.2402875817130269,31.023670599423497,277.11055971626894,1.2690548383023532,36.09268022150466,271.6720259932731,0.7454530725718151,41.863444375034476,263.5615423583701,0.06059918833599469,49.591859204396904,251.54376995029557
0.7906460719302093,-4.428697974211223,139.91410574378705,-0.7891167635046409,-4.425971314172493,139.83782993953236,1.62640361854041,7.283982046893413,299.06873081928285,0.07092659422514529,4.0557681703634,285.80743615584186
0.0898765480033701,39.45643511957715,361.3191606647279,0.08520015413882596,17.801136237358165,364.0085975206455,0.81285354564687,25.150775500867038,365.42130286007904,0.8199459403643694,31.871490426161813,364.56858052424917
0.6011006056548742,16.759290189218767,227.2198633925669,0.03772129676172233,10.220202099014386,220.12870233362807,1.0696779585053133,21.729905398164263,231.75134229359924,0.18738848801664776,26.33634611178822,234.3999158742369
0.054127782714812805,17.35211457157583,49.01383576754612,-0.01797422286228805,17.358906212428334,47.3005731156365,3.8754396350709457,17.339904014792836,52.043580763001756,-0.001958867231422327,17.31135722253132,58.91286952367998
0.7106421236667463,39.26090127101394,267.1044483266726,1.003436456381529,33.659542242261324,272.40195312869986,0.1493980327063282,28.357464261879297,275.73267414853836,0.061765881314535635,46.39985464693551,259.1580882129156
1.2699636798546043,14.485112021700264,98.11789027567737,0.12949902971696592,11.477824059145979,95.70425134429524,1.5481983820338399,16.274906064792305,100.19102203679844,0.0004523390622899401,12.637687842847422,175.9951889949603
4.122403564147799,22.439999999999564,74.90879999999777,3.160212920605711e-14,18.010287882064617,29.52693524976128,-7.092093243184338e-14,18.148905426480447,30.95095114497131,4.568693226587419e-13,26.328458845911232,66.25215321545569
2.9920671542856176,17.339999866044842,74.9088009688336,-0.16103947916394215,15.258427180127784,14.346253255668262,0.16103943487659625,15.258427204358474,14.346249995302767,-5.954431146838205e-08,9.548061140908553,38.370724684942005
-72.67336274055238,42.74883596814102,100.48675470403731,23.7882732262655,42.311276779799854,100.42092147902082,22.965549031512687,43.20971794149554,100.44305920021381,28.74874917060032,42.7514297114878,100.06181505177909
-29.84725607775296,35.950327592501836,179.68890940589762,-19.330998736412617,32.01410296966253,201.0485317055686,29.482504560324895,35.95558969463504,179.59412406006393,21.466257937134507,32.1248727844291,201.8601172775073
-6.367359365074827,31.952166853675514,308.1134102585722,-6.366365405181406,18.869229514002715,307.3364293725316,7.271587057777417,19.159375292036422,309.4585861479515,7.313395217944811,31.64866192906813,310.336992483289
0.9986716056672788,17.436777951190248,355.66355047655856,0.6093023952910646,9.934793566769025,341.6369863629998,0.06550478931037175,0.4163634060435229,325.8026541192953,0.229385737034875,23.904802601257643,367.76945741474395
2.194182542207693,17.340000000000202,133.1711999999996,-1.3800704882056691e-13,17.630533576312462,12.759023130603508,1.381797816289923e-13,17.638318540491635,11.551960930285054,1.9302421927789242e-13,13.848141632049304,124.55434968052562
0.5509137403793842,9.623402617211008,260.9485222950126,0.056808459185670214,2.072322984595128,251.88537600707636,0.7317808829836954,15.59958879385756,267.4357222126036,0.1106945471053624,21.189656272766484,271.97473411173576
0.490108300884191,34.10373519167262,198.11529029246677,0.4347691421442609,42.171898837500535,183.3941951040715,1.2534305453951817,37.457042005734394,192.03915967331397,0.02626610440253153,49.068090247392156,171.1296101891315
0.9393016113886106,21.186759500188675,50.775117532039005,0.8627688682215233,23.94152629958665,50.0509625403824,2.173846008421669,22.386216203596703,50.14310040810022,0.0011750138987742147,28.94227735392054,44.58696815760029
-2.204346218688751,117.90385352477755,96.54939189201986,-384.36992166916536,-43.23786141817784,15.232729320163102,1.0067098473622562,-44.047335264848236,14.470876557317304,1.7382485074633824,6.120000000000018,407.8367999999994
1.585662036630619,43.989683645908755,166.78193724165925,1.0423438183440747,45.966101479602024,164.03810411606068,0.05576015924516237,50.20003078527708,157.6393374378849,0.6132176363166278,63.23940153482759,4.682330380502053
0.002039050206367037,-0.2969549821269479,156.23184532391036,0.0024844971147673636,-9.484344112891,145.581517168902,0.6609533857765905,5.315601262370329,292.6293199734574,1.1445232903301237,8.228566816582209,296.53239254862154
0.02004538459686924,30.24765925278756,184.95515775368833,0.6079671198703799,24.23701201191162,191.46269180699886,1.7046717480633786,19.979610396223258,195.2925686139308,0.4304706328973761,16.27591308149215,197.48237014958605
-2.863771117205201e-12,-7.188555969624114,102.96693715065777,-3.8184893064657055e-12,1.9665343607626369,124.52616464385,-1.5790027966848302e-12,10.601738096768672,139.96238299570655,2.0944469721127272,6.119999999980517,299.6352000001551
0.7871763974560285,7.880175504622177,254.33059179579047,0.5575364979608342,1.5525019296098843,237.78052978695703,0.1006229876168835,-6.805848646666842,221.98246570246178,0.40179069911634535,11.651116312406536,276.8053243946504
-9.751722008025099e-10,12.409692501440764,139.23160712331634,1.134220310527274e-08,13.128005874436836,82.9853529956098,2.491048194142606e-09,7.975655789712447,84.56645889865443,3.818447529897015,16.320000010108227,101.95919995704001
1.008980660869935,5.105502726505491,52.00680208833174,1.0286416314275728,5.003624808847812,52.0116411197002,1.003479595486904,5.1280882392579406,52.01659233426534,1.0283887946791852,5.163588147389363,52.01636780139777
0.09227770040218318,41.04666804764693,266.1311962323237,1.0075465622765682,29.02491535272014,271.94882912621307,0.921614101234117,34.55036694897443,269.9051728155018,0.11160703285794488,23.234908220010702,272.40283867872347
1.9223939771673626,36.222991005027794,101.1655312168816,1.2787139304674462,37.47986940264969,101.13801858001607,0.0031892498138254687,31.506949176353793,95.29373072664671,4.964902570789417e-06,51.26831352119201,26.9364493050986
3.712475370355585e-15,37.16238194294653,41.98596738325153,2.621620699781731,34.679999999999026,101.95920000000416,-9.60614019531978e-13,32.09016754317403,98.26530320457074,-1.7700223719534049e-15,48.75511384892054,36.01729144807397
0.12039135666206352,24.505904692376408,232.02805097882782,0.0814328074223135,40.071096418440895,226.3027866600105,0.9383294734245209,34.29047333190644,229.89327959000522,1.094917248911481,29.50190317928254,231.70868745142144
-4.539229344600553e-12,2.190667207018701,11.767869503444965,-7.995608304595505e-09,6.653984277330793,85.38253847885967,3.1345464961853495,9.179999992625456,101.95920002251833,1.5707817439811265e-10,0.547670005440215,62.393773961554466
0.25113831286138427,30.57738502859333,236.09407017544908,0.9549161693570072,34.78101795069514,230.24658450287583,0.4375584238731661,39.98304360795689,222.10331595047478,0.031013913045210305,47.10731257776832,211.39634131823948
1.2531345002221186,27.569574769175585,194.74155126312053,0.6884285891303074,23.488570375895147,192.3718079083441,0.03619930697181351,18.200498242355966,188.40221441079734,0.21197114204889114,31.482157717559463,195.96841801160312
0.5604378758207585,7.172136362742543,98.20178016570748,0.0002140824486757141,-3.03908966836054,57.52847976379316,1.6041937598763318,9.585682718803827,98.67016010311423,0.15452935927898387,12.261270285788685,97.83587533622494
0.6813203694431603,5.769759818996101,51.77016316494381,1.7234480967453418,6.279262840716371,51.86625421937347,-9.005772558028933e-08,5.382474062586505,19.01402503878872,2.5445807645890954,6.105852519496239,52.090427614462556
2.5137904321388227,13.260258356572324,208.07169257873355,0.2704299123327174,15.05102768637965,114.72039366025656,0.955320273888161,16.43802956897999,115.5068270749863,-1.2226852541397308,16.132204559755305,116.01527630970354
8.483077930512834e-16,24.020584540633354,80.20442466874327,1.3461393839026143e-15,6.862305918180254,65.43655560312408,1.5292787415388234,10.199999999999994,299.63520000000017,1.4637855981635832e-15,15.221830767719998,68.58938762559588
0.09203605030999085,28.396535664855527,95.97583233437626,1.2176379536434985,31.25353799023075,96.52065399315848,1.4376718277944223,33.74593783645184,96.74059921777562,0.12173735090231437,36.63986303741575,96.09791772047728
1.6738027150494192,34.31357394983174,125.17783776295855,0.6411849089381424,29.788121904070223,127.84964875367747,0.07344147553463677,38.63125633938612,122.214437222081,1.1611703351763725,31.43790160361054,123.7813819472568
2.2123162377669328,5.10000011127783,251.7767993437976,3.0911890835572304e-08,1.0379343107405292,145.20494578825867,1.1898367552126091e-08,8.631161037758192,154.85605331956674,1.8461761747700126e-08,-7.637941548946539,134.82509335642777
2.0901209172812534,26.486620929376414,228.71353088334675,0.7975594855967583,19.321503709929566,226.91176333636832,0.0872373127935248,13.299861705608054,224.70375216947477,-1.4587254073112461,27.09354704100533,225.64926575923892
5.05496904114062e-15,18.294408051394953,22.39449638875419,8.202389804551107e-16,27.367030990029377,116.45620647514605,1.9947114020038914,17.34000000000534,133.17119999997917,3.5267359149092383e-12,13.46483633179183,121.09112760324574
1.8194256436204648,14.050632130083079,235.03815125872788,1.1223601186611556,7.686123346632546,223.74438905517897,-0.5088869912329091,16.320091059108186,224.56761043615288,0.14049275261558516,1.2858280944903937,218.1591034696738
-1.2048945744048245e-14,25.217061705856736,21.49068892971983,-10.358621455419494,-28.182505248911937,27.891259375748472,-9.377986943616443e-11,43.734064547808835,299.6818649314969,1.2582025767324039,32.640000000230444,351.6552000015006
3.259310221970804,30.60637749351552,52.00810226397881,0.0027772605177305057,31.273143549977537,43.54387671372192,0.006439343827953945,27.954679582262685,48.74866599540955,0.003931299475470464,28.93890437979981,43.978184247669674
-1.6047508228103147,2.786221625205629,235.33608920222,1.7826999624522646,2.917715741116214,237.53607221161374,2.2724879960968383,13.541101311944692,290.3778716025226,-0.3945125388537363,16.38963763817021,269.83953907561323
0.740543487135567,0.8966241261582482,244.2565985600449,1.1190658884686646,7.189513010489601,259.6806032247989,0.2935325088926394,12.057021100885805,272.9943551021383,0.11817768416890687,-7.422127193145062,227.54338622968646
