,0,1,2,3,4,5,6,7,8,9,10,11
0,0.04796687693149364,43.520518672798424,94.92031379207693,70.35717799571509,42.839903930230435,50.97542277345283,-0.027923552735102223,44.17881641715279,171.70453443863116,55.081211231625176,17.340066097475653,50.979969304732506
1,42.83992316094221,34.6800090800248,175.82767128981956,34.60065936192213,12.258340431496515,126.26047187970566,34.75389027341613,12.220733102956416,125.51581640036028,0.005546380128798771,18.716087241951474,100.01109451902049
2,55.08000000000242,18.360000000000092,66.5856000000007,-0.37112760559477187,21.971639497622967,108.49897580972154,0.3711276055921971,21.971639497627375,108.49897580985625,46.920000000000186,35.699999999999996,26.010000000000055
3,-0.0003038342697476633,20.483091979876466,88.9294277622958,48.9951441106924,27.5370610615557,203.92251320808606,66.26515859499546,22.439451681319326,175.81766603211236,3.5919184865737265e-06,20.59304183422919,23.31663875538444
4,69.35999997834227,28.560000001770884,149.8175999939102,54.059999999852586,10.200000000001374,26.00999999997159,9.777838978299937e-10,10.141021832873333,77.87889234796887,2.0808394763896276e-08,23.196784382454386,128.79314913034693
5,0.13136482553891196,8.484661892649054,57.92880190002786,28.589537650001922,15.24299554164368,65.06638940588805,28.397155373168125,17.440052754852847,65.4397536452399,53.04212380146398,41.819545115205386,175.8375288803381
6,63.236161558853574,34.67968700969161,104.03907423213185,0.0005907066348960568,48.04094556644482,66.07435613509514,0.0032863080202727903,38.21962279254189,81.06219783963218,48.95995315270483,33.65999964495952,26.00999314312007
7,17.091308285036767,20.385572006984656,25.25892716365756,17.05768360674321,21.317312984333707,25.56398833785662,17.87091621062484,19.53818957511098,25.60749997250067,47.94009494087942,38.759983124007384,66.58576778109614
8,58.22908096042295,13.077540358552454,173.73254263397163,9.333378991121716,14.84742711399542,193.6607650770724,46.70125615711332,39.81948527639147,175.5822522918756,-0.02272911114101041,28.31390365902191,86.57092996647711
9,2.024965487919749e-10,35.82322758929859,92.87269131960788,54.05999999943695,23.459999999924555,125.8883999996661,55.079999999998876,21.419999999999995,26.010000000000247,3.6253717095832997e-10,28.694168497318458,77.21162367352814
10,17.162214984338185,10.20162828845241,50.97964320434319,56.74671027449564,23.46006392390785,149.8171641422076,1.3932897257232226,23.45739633063632,149.83535337841184,53.21778501574883,10.199474899131717,50.97958502091714
11,81.40322799957701,6.136089249510451,148.46494271585533,112.42600252472634,36.04427379423547,37.60360891952547,-48.161878488822374,36.50386463740865,37.4303861991882,-13.074872528241817,6.214105536876376,141.9232411859496
12,5.747871792175191e-11,54.02789973688062,67.54880656645453,68.33999999987626,37.73999999997943,203.91839999985302,60.180000000011226,30.600000000000076,50.97959999999879,6.665831324048664e-11,43.261457186261275,51.8756113916958
13,41.82000000026852,20.40000000002505,26.010000000101424,59.160000028870975,31.619999999180198,26.010000000714463,-2.9104386627104963e-08,29.435003116750718,23.25762439395021,-2.9805547511524064e-11,18.870433846884904,96.13108355943035
14,45.89422989323879,18.36045401713623,50.9777444682814,27.64293686467694,24.404740779568165,175.06994617784744,33.55840883555335,22.6815736828198,175.10580523798038,0.0043520550573540795,14.14637240077758,42.37580210586427
15,18.163901827609454,23.78965720289898,106.85221607110506,30.099970723408553,24.801577473289896,102.70640321436039,44.55116296340537,11.1864521710841,103.93811071817859,0.004821102488022409,24.54677074653043,54.32427813657695
16,53.586417988522875,15.89181124679832,201.40422915775514,37.85844940671407,27.1850551380117,132.68690092162518,59.820080800606576,34.76981897122254,103.29648107382988,-29.888027513741694,26.138898075449386,124.58664913181845
17,-3.853403402111875,17.68992929119685,136.08317884959288,59.16000000000002,32.64,26.010000000000026,3.853403402112219,17.689929291196425,136.0831788495909,67.31999999999967,14.280000000000001,50.97959999999984
18,67.31999999999029,36.72000000000241,66.58559999997635,40.80000000001418,11.220000000002889,104.04000000006604,5.005503298383233,48.49970365091972,10.722888106098729,-5.005503298414863,48.499703651579956,10.722888104065264
19,63.23999929219022,32.639999924615616,175.82759971492916,3.8373456958133625e-07,44.24239030677329,131.6838912097787,3.288052141340995e-07,34.90091231169976,103.55764396875628,64.25999999867248,23.460000000043976,26.00999999989432
20,-39.44460754011723,41.23325258604929,81.90884064537218,-39.30850293735454,29.191776161584087,83.08233943070897,0.33381391823611184,41.536422387293086,170.18961055688382,-23.575365264572902,36.61846496545575,104.76881792448785
21,-50.99999999989983,13.259999999975669,149.81760000012784,-47.22909681246508,27.540225993863537,37.45441212683707,-5.810903170823113,27.538163193638262,37.45429788323468,-1.68252240124111e-08,26.903649911715355,45.7689410692595
22,-0.042541406090063134,26.94524675038946,112.05870390901019,-27.80162195756885,40.79616994941151,51.07868902872186,-43.81593271361858,22.435033977455102,125.87346805574616,-28.299891635599856,40.8036887940692,50.883680763776944
23,-35.31809424254696,31.943140357251394,103.13031968002512,-25.327088111708807,30.86907085146801,106.03193676876249,-59.716942577943826,24.4297563021024,103.97973360683011,0.0021115655554301165,23.148955574265692,66.1192151079608
24,-22.768821364614762,18.216319151642733,65.88851041983827,-20.098809271260297,18.53660012372543,67.44030441950946,-29.50341392349068,34.15776998849013,50.69185942076982,-21.468969405067543,32.982642222395185,50.5400685934878
25,-49.97999999987613,18.360000000001143,37.454399999969866,-4.338942341196966e-10,-1.686571192670982,78.6539374030278,-40.79999999290382,20.400000001321086,175.82759999394787,-6.752183125166438e-09,13.93990636228898,136.26868382013973
26,-31.475942075555853,43.766405637057375,102.32518760685313,-32.540165585599674,43.01469636544734,36.81671543602111,-16.575309538354976,46.974070677476156,99.59811028590998,-37.70763223063194,44.582473137105,36.79948581695102
27,-28.10909450708656,35.62997969949656,81.25995616832876,-19.465324007603048,27.118010805902934,99.47045039525864,-34.62926282045,20.955097617535568,82.96195304465309,-26.936270795105962,32.73477030239251,78.717095324618
28,-57.11999998976489,15.299999999772892,84.27240000420238,-13.372286441449996,18.359841063773697,50.9835020112807,-1.2316163091424076e-08,18.795100856620493,25.742349143629475,-46.80771355650954,18.360045404984767,50.97848526514305
29,0.07474536123567277,38.617636395623585,41.556507596937735,-40.719616172644095,38.759647701466236,50.91976512646101,-22.377433863244057,35.956215885853915,82.57464718527793,-25.717487655048668,33.594062319103145,83.1153683433855
30,-32.410332090139065,36.67142789230331,203.25365309733246,-17.488436280896924,36.704058194715536,204.89827085905983,-20.477899466338883,36.81297474404745,204.1010683757911,-62.223398858793345,20.400113331930992,125.88951578908568
31,-69.05979246701973,28.560018140790394,149.8173854163549,-54.06000006233498,16.32000000187649,84.27240003814042,-1.0816888563599028e-08,-24.97070626613617,58.8300118379875,-0.3002074597482338,28.555831303967164,149.86693690758045
32,-33.49216843213306,41.26197682972195,50.66792148751628,-33.81691189437219,42.372524120986604,50.665232402159326,-32.00631290148063,35.885723114076185,148.42665394165647,-37.36455501418644,33.64934277063926,148.69470843577605
33,-25.18203934112814,31.69297989992468,49.6465033511801,-26.175304241986893,33.58774178839796,49.74076796340281,-19.020362031484616,32.59081632623655,52.0131736010992,-65.28230075873294,21.420029351130864,26.010167825882807
34,-32.348767554247914,10.230251698864341,202.77246241159492,-40.8000395679859,30.599997293666465,26.01000926046005,-28.8500443025315,8.002822433662384,202.56587057912816,-0.0005664104593096715,16.049065725499446,63.104850915548795
35,-19.253997559623812,44.27530591868147,78.7639040673921,-68.13467182531038,30.970768410176547,85.3852466556676,-3.6807726241223664,37.872729887671966,65.67992837281392,-19.000614663953538,51.37358699386126,95.82712586053837
36,-44.843314002651965,5.099365773248618,66.57581672962958,-30.196153691281776,22.212515714862192,122.7948247260614,-13.01394744208172,20.147879105342618,115.29029594246389,-11.90673766029844,16.03366086809167,118.36657154952192
37,-0.4392766960969337,22.189885449283224,99.76295301184305,-55.91979279354632,20.396369780190316,149.91847888061343,-46.60440073843603,24.114987814015976,65.77832481358668,-21.476896431453177,22.047891002364942,65.18023384925924
38,-32.97130393650255,17.82102085146353,25.762411198250128,-29.074745762094636,14.986351924632537,25.58972551291487,-29.032172927210386,13.780782594103153,25.7666485322857,-18.061775057973733,16.985730916885693,25.198991864031036
39,-26.183701720768255,35.50449426715985,119.31413982740646,-14.999604975357542,31.555197374722255,112.99546841617727,-14.881401009327112,28.683584091669275,119.23969513074617,-50.01441539599703,35.70024344767456,50.98631513055228
40,-6.9867931454427,45.22022912063494,162.8676883320035,-16.470823334086514,37.75020601595983,153.08524270437232,-9.640411768343766,24.87368183761516,177.60475612894058,-17.894960955384516,30.10123160854193,158.5095071626213
41,-13.229900698160264,24.437439087146412,66.60320894667719,-13.271404654787508,24.4435009913883,66.54619973857537,-13.243613136769346,24.45467126109962,66.59941717716882,-13.295082056215449,24.584016917290057,66.57907562532097
42,2.0951301764131292e-08,23.31963156859582,63.3674520620055,-7.350422272344252e-11,2.396189418426478,18.781232509876293,-30.99909014857226,18.33710355371292,84.27181270569406,-26.12090987224698,18.387172444075674,84.27173943645975
43,-17.82473267501191,45.7486313261479,116.32088820746543,-0.033254672503539515,48.363442587631354,63.73913441132213,-43.1522931415885,42.612115251549774,123.5753130954308,-2.2275134174288773,52.82237882241785,107.89370501162793
44,-6.865098815468164,35.64107555854699,35.36625510861549,-16.624101951923123,32.60583525023452,36.124946591846374,-9.791213249067612,33.94502808330793,35.02357471102392,-30.979588037321736,33.69658922649092,37.90579980958009
45,2.609092718791183e-07,31.24605093779746,110.62480644515858,-7.577774050425544,31.207716263875334,136.96766223071342,7.57777468000125,31.20771644584372,136.96766541143182,-60.18000088995578,33.659999986519594,175.82759971019232
46,-19.829624121480826,38.678258747172805,120.12203935178393,-19.756869058004987,41.39653739079001,110.01686226659702,-6.654108688929566,45.8396840000409,98.90279137172203,-4.753728257805721,51.02388822391015,103.49421140752754
47,-13.121279709888741,37.39669673989761,35.21736205265281,-6.608080010192077,35.739383136698216,39.45779702664208,-6.8039139946960345,33.17259527811153,34.658569153084635,-15.286747912206135,35.351561684067406,34.31736262251561
48,-31.0105301489152,22.439843401602257,104.03888241534152,-23.04946985068942,22.440210687188873,104.04150359590147,1.839963672147302e-10,21.62856142926437,57.13055316748218,-5.771532838930233e-10,22.48888404272014,59.85000631276525
49,-15.59754752440911,25.947508288765388,118.15338029171505,-17.660834285112124,23.84497223442151,109.77203524518818,-18.377698570560558,19.382463883115346,109.49162908944997,-16.703753315045915,16.870372806949465,117.55401783218122
50,-6.218591488893524,4.370813823962779,65.46368092032195,-15.001276552084049,7.962638500374236,72.00222805948522,-6.4099164510459845,0.5369055075526282,70.3783870650142,-18.26393275216232,9.73271697447857,80.26451423205437
51,-17.905506634011473,25.690900676961395,208.5955013678086,-0.056197596223069426,38.20731400513625,150.24664753348438,-52.590265925079514,25.41025534816987,202.08725379700311,0.1718695651241401,22.071849488278215,159.54897323251384
52,-18.214724579190317,13.994172897511472,93.4731218456428,-17.823443936450012,17.200257680080178,98.61105401617995,-9.667149639489867,9.510466647519056,94.09659468415026,-0.19695743955985368,10.188717486381755,158.91905350080182
53,5.817374816385596e-05,20.943886190285557,46.28166753784454,-16.13616190480951,22.007505564640926,103.73994943283395,-16.36897330033122,22.400749889695014,104.26407157815181,-19.514925261785155,22.830532555218475,103.79162022496614
54,-11.82371753000689,22.018013315394942,63.22962134226002,-12.994396292172883,24.809008804930208,63.4104356456001,0.08766011129330104,23.17871825625232,89.21656452696092,-20.149522853586223,23.434973084944787,68.30590255934197
55,-14.855797784055556,35.74931044112493,60.55117451170122,-26.47750045883519,33.84263590168524,63.91904231102507,-17.285649075614938,38.46866872431279,62.3925687602825,-0.541314515205565,36.79760415204608,82.03791853813449
56,0.0023505911150187983,30.20395667277657,22.507355463568064,-4.205203526506038,33.21543755066808,35.75030795942196,-17.84760187244314,35.07772770416118,36.600913488938275,-32.009551562773204,34.6503167429742,37.7837437614029
57,-15.79224672226024,18.556009903409468,79.16068509743958,-21.87137794364047,20.4710247834555,81.82979094430573,-24.5599251574299,16.354407521398358,81.7098211616071,0.0036505699411409115,20.19864148885045,40.862518534676546
58,-10.48559480516401,33.278075137191884,158.7100002897848,-10.62466122977353,41.42243672647222,151.52491910135763,-2.2046733330866584,51.096852947433725,147.58287713612702,-25.636001915199067,31.03383865807893,192.3438440199973
59,-12.149408799509665,3.1956432107473867,110.51321568752995,-15.825277501903015,7.611558434931347,102.39873943922898,-13.836424362575205,12.687922422608866,104.54019070369777,-8.164021466772926,15.197871084230908,114.89735318020813
60,12.781446858969153,30.355748499631012,174.21817862802885,52.49521159501709,28.122778422529603,175.24561215043707,0.003246585618824985,28.171872022102413,99.60102852214726,2.945294173568453,-16.597268175633094,11.237391547113605
61,8.762933684903991e-11,2.2428467263036684,48.00311318950894,48.959999999879976,11.220000000016357,84.27239999993506,-3.417284157893249,12.013779986632722,32.29709929954481,3.417284157926697,12.013779986621932,32.297099299576416
62,18.09365543889358,9.327611960263871,62.3254617834251,18.275052460047842,11.897184851559906,65.45172277779668,18.30797708600395,11.493790534470412,63.1082637549464,14.683165363511648,7.5496946784183665,63.94362171119732
63,10.218964729417213,30.878074250517184,24.417789162774625,9.471645089785074,32.382227083961716,23.80191319733444,21.51333278884634,33.60103001442728,24.975603868685102,4.696063829396006,32.59137443319948,27.54480640524902
64,31.604605478609614,37.745991299008736,66.71691494056287,29.596767059714736,37.73356693403479,66.44455170529307,-0.00140337777761469,36.79863907707566,45.18350439508149,4.3551850696431664e-05,36.799723696879596,45.082647441740946
65,16.80057646430426,9.062027943645868,148.35613451011045,17.743798781648767,3.41206601535476,143.95546625256605,14.658236087093064,-1.8907656945393836,154.09885579018066,9.946853223086249,11.754526724914655,162.24232683895903
66,17.144121029095853,27.544808547821376,150.24773093036964,22.040484564417344,26.97433634934923,149.30425178521526,19.97540026575314,28.160017556539298,149.27766081848011,6.9776167266626485,-21.43566851962826,12.102782373898126
67,3.337237354507781,16.36663360217217,145.42965403879745,33.187030694293334,15.294222385122875,190.03916540566323,29.23827003962188,23.78387960115765,190.91391685240114,3.595029361815925,24.09910908122221,148.51789319603267
68,-0.010590965959651909,35.596037905686295,98.95869823189514,31.054623559797207,36.7023469694657,125.47707234721763,26.075996286937887,36.74060056110409,126.3680416983033,3.415369952767319e-06,33.82851255692923,11.575518991607499
69,35.94888970981501,39.74557335306823,37.45834723565618,35.36628513411743,39.86329653807227,37.44146832034445,8.766469576907818e-06,44.54424860961204,20.915184858644356,-10.115183440879413,39.94888768944621,37.42316166023528
70,47.58718745384261,35.12771598586159,83.6194344175686,45.599328024444674,37.85982005651812,81.04225962003267,0.0035607775820204334,40.081646492054524,47.46902989505291,-29.950153920675913,38.079641213446635,80.2766262389759
71,45.85116243751473,15.300419951808287,149.76209346471268,-7.21923480170365e-05,15.672804347856236,93.07915553508508,22.488910042518548,15.299144713189454,149.93061726617915,1.9947091082738167e-07,15.32653048518441,8.568860333558886
72,23.664876115929115,33.676131580118444,126.32650259454533,39.57796636950947,33.65026259342245,125.62383415089509,-0.0028945596664314236,32.16418552530742,83.76093148358255,7.041936040349292e-05,30.800076000318136,38.054264945124224
73,23.33672573647501,39.19446911070766,83.04250314881351,23.56966012927747,38.04528782898039,79.68810542636436,24.114660609431073,36.22034539517446,82.80405728621504,-11.861042664748112,38.118715250014866,78.65655395120865
74,29.335762418590253,23.49122826651247,95.04455329130852,28.400840276193588,29.146474803915343,95.59481243606022,10.349217621794068,32.63911358944407,98.22781157074644,-15.045870446865107,22.590024094928754,93.11334564626642
75,15.894408099120767,27.90519595320652,50.89212627272125,18.20148312001599,27.355775831271806,50.98636911199704,13.844175820240375,27.362918442127157,50.84198137901846,-6.702143390085152e-05,25.64908768663542,36.93412715989328
76,15.911302747336778,8.01282597433229,48.81420258791166,14.937507626589186,4.082317720883504,47.57806856256638,15.345571329539172,6.477189190334443,47.05351138480477,9.906316745958403,5.5977531115847015,53.20459144839351
77,16.521068299584858,40.697385021262484,25.991078766867826,16.6407872718829,40.771947768337114,26.010659313311734,16.54687566721104,40.81044365225993,26.021129173603956,16.59126877301512,40.91990104825916,25.991321074943354
78,-9.334366683390121e-08,65.74023013803702,9.836467304081054,28.642422184836686,33.660134201899105,26.010893430995793,38.67757781515722,33.65990061832415,26.009338379938807,-1.4824366792622083e-14,-7.333195492596758,37.75868307070069
79,19.04239348047311,24.231660163906394,99.97923308896966,18.92564977035447,18.405846126445283,99.22815150878813,20.156633192319617,21.59819335585648,96.3682740479229,0.015167359976092405,15.885628344903488,57.21326362016753
80,33.84351137193243,15.894517843354812,103.54829351583527,22.26453291824924,14.398716250104316,103.44175201380577,50.92829185495431,22.303440849394967,50.904585461184936,57.18366105293748,23.380412192102895,50.97776032738584
81,-6.6799339780079166,6.640615278044076,36.42443465869461,56.27811094858558,7.058884071932867,37.293990726903395,63.23940470822537,17.340091722393648,149.81705201341597,41.182341283616,12.222537852622297,37.47483816054
82,-30.601382210922246,26.872427098426098,195.23422827170532,59.90340970586466,34.69492613246153,102.98332132946297,69.84713453303591,34.67917238419259,66.52812963828526,78.32869146600856,26.239257348181088,184.2457619001867
83,35.63652718604073,29.747997538426887,183.18761800017018,38.50674277266181,22.590341120712072,201.4710623485676,60.18932089420361,39.78008943731489,84.27501728757291,42.12756677114584,30.860680428922823,172.9894472920782
84,37.43526489765059,41.3534122001362,172.61472096397918,17.519498649229583,38.31656288738371,189.86238695728122,61.322200206523554,27.49961267185525,149.41206821150462,45.90453689223282,13.260021225330627,50.980981883683974
85,-54.150665619248194,22.76302262254786,149.95033787218068,43.99408283460556,26.764789103314673,124.34066428508167,62.88476417943628,42.793313530269835,84.6519930679602,123.71094618197243,14.233627430294835,136.91247202811732
86,27.08059613265879,5.632874795302148,170.7185850781129,44.81542024298421,10.577763306621474,184.02738767133013,17.386766222015048,13.992861859825013,236.74785404520378,58.624211546329704,38.807133668676826,175.63712390629655
87,78.6477592615047,23.166058836729427,127.2361362501682,18.95176008868106,2.637395730705786,155.5830033934207,65.2897776429923,16.319965043305704,26.01121720138812,35.00534436148208,9.995662068471292,142.51013678956124
88,42.80105411872387,42.840828402944275,149.77952730583422,47.9450536551803,30.60007567359657,84.27392656739298,0.034034242295076116,43.72459472919522,188.70699606269565,55.08005352833348,15.299999764804024,37.45441060133066
89,-26.62033427129249,44.75963568822829,28.900456390578043,162.77809865336408,45.4380016554075,46.00817222920471,110.44748014943572,26.453854202437356,178.47194458829722,-75.53709452211726,48.70872660912213,36.72423061849064
90,-22.33443565976407,-10.043863160694556,79.45836213519253,14.278086611275082,12.226661346302608,79.83459036879454,111.43490499153812,0.22302631536001688,595.1345824616453,108.29466147004429,32.798124630063064,118.37648840886472
91,54.05999999963218,29.579999999989486,26.00999999997375,51.00000000136288,37.739999999885434,50.979599999349865,40.79999999889462,40.80000000000568,26.010000000026345,1.356808493682693e-10,51.27003517042574,211.7533961899854
92,182.73121619843684,31.28155517572665,271.0687297195265,123.26198677290023,-92.7350182132489,103.23531225222148,54.536763768118355,124.14195244731755,46.47714896787491,-66.4643024113847,-98.1426451532709,113.23029585028004
93,-279.46293734305556,57.48460311117116,59.39312239857924,728.5627289697782,63.4184047719665,217.84617523055155,53.86246323260671,8.228544394686413,68.81147749174154,55.83512910389522,147.03149976261335,78.22506541062948
94,55.164253664966324,18.270373035024583,150.3030248690028,70.33069943451132,17.340400971471034,66.57702538494347,0.605143916958531,0.16445831983822587,143.38766549457637,63.61459390931717,13.379536142003554,203.50799638174666
95,54.11487345402461,42.82962006483363,175.90671221831408,52.66265119559535,9.61412226757516,205.41254158420327,52.373882241185065,16.384119765494795,174.7704079874302,-0.03109792386464671,37.163574034364416,112.3970569319371
96,41.80517948538488,42.86528006110634,66.38528463917534,45.905370793889304,37.740032144161866,37.455137315513554,25.509643764849372,42.79948246990885,66.9125031787506,54.05979641699362,18.359958765171754,125.88802294780672
97,43.91148858112347,37.66606486131764,203.35361749572436,66.2633362559627,31.542955922437567,125.51978423450869,59.054214918872866,38.74698043566218,104.20435630974221,0.08752643527035972,55.96710929764979,113.2480518765542
98,48.9599999999896,28.56000000000072,149.8176000000011,42.84000000000178,7.140000000000211,84.2724000000011,43.86000000000883,29.579999999999618,84.27240000000451,-1.6610321888237223e-13,24.581222457602287,32.15615472908885
99,61.19959913875411,21.419999550365056,26.009945827606185,31.97332846179038,16.77685507259437,125.12888236148939,64.26275726253513,41.81978841976944,84.27346629889932,9.844282569485046,19.16399103860186,123.89886377282555
100,-11.854029397152367,31.433496272976583,27.6122978922533,-5.116836977711335,53.81723732452638,14.720895978922496,-65.37174165973441,18.76206318770277,40.31852408768599,-98.28822345283488,42.84111068434324,30.143326533187043
101,-49.97993135473869,40.80001118836199,84.27224533801996,-47.93892373621829,15.300007752417613,50.97921751781773,-60.18110768505933,9.180134395981767,104.0401647298434,0.2135244596318066,-24.512534216822143,11.712400270956447
102,-59.16003170225462,44.880000052133816,26.010006235781237,-40.785411195025944,17.33701633508503,125.87223311301209,-0.01540851768742807,24.811304475266443,109.2575252983522,-69.35912565405496,10.199999262992606,50.97945705834524
103,-32.911067094022044,31.639815041738153,22.94799865025446,1673.6090280341766,35.63539030852879,43.81555859463072,-88.8579005239655,14.378728160348334,60.45447176378345,-1727.04538587424,35.50691724506356,44.321202302032844
104,-47.9709487312478,16.325758774881784,50.7641992203754,-22.457129482002962,16.306730327564434,51.477817511309745,-65.08303395806578,20.41209331789007,103.97702967274294,-50.128862626118234,8.184995562747098,149.94508558773956
105,-8.78008945368119,32.21115607497402,196.2969834516708,-46.936430271156325,6.120778948325153,66.59351559793298,-56.1098800617575,23.45978885921592,50.98161552845825,-38.11317743548479,36.51907778079253,201.89718834978933
106,-64.26117098770679,26.519984387228625,37.45455296136736,-29.060929650925992,21.06165744008428,103.5567342756277,-23.978396565952835,19.59763040933041,103.45280527148579,-57.11946974602283,9.179999288975434,26.00993289723442
107,-33.02677835150662,16.770549316234316,50.303653953472846,-45.56667719138415,19.336742912968198,66.64076447394815,-9.256987659725512,14.69820082846498,49.501993950632695,-45.769503881808056,21.434625876228083,84.2316325456093
108,-52.38749260978127,24.603696425678695,171.9353684846956,-70.36435184820193,22.44001173122711,66.58267313010533,-12.493545332993891,29.564768798566412,169.1335160457965,-45.294332074064684,8.23301133886992,204.26159117787108
109,-36.21151789274709,38.722469389128776,124.5716074152473,-52.17293362140934,18.361154841847913,104.09393168596375,-58.995146742590165,10.172849195442026,175.64375400135563,-31.119575889927624,41.009808892403164,124.57323682885874
110,-42.89192983833858,25.21414482851996,148.9839527609991,-25.4468521105689,23.241327945290795,148.7531986162314,-62.22171027071442,43.85999224835558,50.98030045014066,-45.89939028348896,30.599984978640936,37.4541733448949
111,-42.46153612444104,7.438625446232086,94.96729271429146,-58.14071956427555,44.879858641331886,149.81933300585266,-31.67989461790779,6.00052641318355,82.54679900982897,-24.796329381204956,12.742674821303886,99.14346838675192
112,-58.139999999947285,28.559999999999267,37.45439999997132,2.0049631460518217e-09,12.650850691491877,269.7578334747315,-66.30000000198831,12.240000000012424,175.82760000177998,-69.360000000039,42.83999999999909,37.454400000015106
113,-34.400969120287314,18.367563253351808,50.74189649518612,-29.907479456507318,18.351096403598728,51.27446201014512,-47.86383988033411,14.268653289289192,103.98889381465949,-45.92762538522814,29.57850023505514,66.59047680489569
114,-23.65006451199268,12.711374215288775,116.82145572736573,-42.88660812915336,41.8079246766403,175.9389626862911,-56.984407577696366,8.148484131659417,84.09897732456832,-40.698902278118254,18.186491435395585,120.55457801336775
115,-52.32245915966202,41.47393219627371,106.02333542804871,-30.109625859972486,48.47417852410118,120.63765766022507,-39.50832647950255,40.261660936324866,140.16964963306646,-52.42938338282812,40.73946587131215,111.92405247907601
116,-28.5568162882086,12.674833070398643,139.8466870534604,-48.144304283380265,11.217638680711513,66.63325692870258,-41.52188553446034,6.747391483937275,142.03530337555853,-51.08602613051418,34.66164296444487,204.05563510386963
117,-53.73800584254707,16.33484444197469,84.39896479268631,-48.49210541332662,19.4009280351544,124.09945045501925,-62.19334667421277,36.720291406843316,50.97553510856326,-17.13649328372623,23.370825735275094,120.57225070191426
118,-29.220278570896244,32.14454432158602,123.2547459169325,-43.88822912081794,13.02923873142771,148.1495979068891,-55.025099275654995,6.120357374075807,50.96812806546052,-19.761806628826427,30.375625853138413,131.84059657007828
119,-53.040031140171706,7.140001401273287,50.979610614275636,-48.960384400366216,39.78000052164894,50.9796926966689,-57.108179951427054,37.73841399966561,149.80901135546813,-0.011386595727259231,45.64654893338723,129.56221991936164
120,0.08142452639389597,65.78627937380502,169.44916899817406,22.18812009271815,43.46282787460434,180.2975069421443,95.69069567845965,45.874904639070806,415.97480636982294,-22.097418729775672,43.449315990215545,180.1479341967395
121,27.36218547220789,47.950020586131764,149.88135376731375,27.568469073095553,47.939224937555906,149.87221633334534,24.629367797740805,47.92975478198889,149.68582325354666,-6.146799412660718e-07,38.13837759234601,12.44031566254853
122,2.8621517506169153e-12,43.83161965430622,50.54173531163993,5.036691336786399e-11,48.47811133100726,127.32737266285335,62.21999999994799,40.79999999998865,266.3423999999013,-8.907468499869312e-12,41.955175658354754,26.403618175792975
123,16.49136357104626,63.44975868820539,376.42922034182493,41.44079230047571,43.578117364742965,376.21453493403646,62.32862002250595,18.50882660736127,386.555674033012,-39.03196759473326,16.078160825172493,361.27513994076526
124,17.345308040005786,70.03922568232561,296.7817040259067,34.568305118012354,52.22372988261219,305.66256438979497,24.418071414518028,32.101247409949565,443.70777737516846,17.490799131137145,36.7848814620877,315.141517569993
125,3.283218186660705,19.163126493119506,315.8920585760845,90.29668689218718,41.42393060658668,323.72642972904225,19.154255338070737,63.24275244202792,310.6700495149955,-36.58177314320283,39.84518860308299,286.4015048038838
126,42.44384924018539,44.95381465675785,372.4200137369375,48.67425329752228,20.19028923047922,387.3167512058214,18.0285570949366,64.93170550942718,371.1963273114389,-25.990989626235162,16.876745495993447,353.57293370216723
127,21.06271337419391,31.93267977809619,315.8080649141173,2.5581909703556804,16.000853161523253,319.05468814859057,11.254008570250425,63.11177549125813,307.6460913277545,32.263433682551856,46.87182395565265,311.03263793988066
128,63.733914608463905,44.99960654427853,102.62793916376557,63.07210611731846,48.541029190219476,96.32830910493064,-0.010202065406842783,52.84644858934603,38.81743781408654,-39.08731626383237,48.69871796238973,94.19411529675793
129,96.87031034039015,44.87810891947641,104.03337496826408,46.17591223680787,47.8569267113638,48.08918218812684,-27.30789869121473,48.44903214660022,47.597021703696264,-18.840466953196685,46.995789231679424,47.51219767271446
130,95.97155357218837,45.89592475791081,300.6609068154352,0.9263040442885789,46.32332100311593,302.2288623282429,0.0022235390885231745,46.62989212883719,246.03486520461888,2.177247830140107e-08,45.86604479610317,0.04264524683585304
131,19.309569234548345,43.049505497205764,195.9446194008732,0.3653601672374029,67.09685278057877,183.6739513163898,68.52289299599663,45.71896909617753,501.9518219796133,-18.93891769075996,42.98122886430884,195.12211330459132
132,18.842707822461147,48.57958275136579,124.71344763543655,18.779956408846008,45.472225080170034,125.01888106592475,18.680292683077344,47.33985145343808,124.08309157319688,19.17701703642839,46.29813673795212,124.33488851844486
133,40.55405878949467,37.386509671064395,272.6067166168864,34.66228619967103,41.48014021754709,274.59022533852936,40.646939214815,49.77819872800773,288.5430237663192,-52.63520756379896,38.20773499847473,272.6915055328308
134,10.211127916836881,32.10213457285885,288.74728411329903,44.80940639900969,41.76274206371261,277.00903683865585,41.14877882993715,53.28549817596185,279.8991806053619,0.4194040022509515,69.43867088345306,123.95944805415445
135,3.9295047104044363,47.54108553276132,35.221584046850744,3.923991226691796,47.539940557544824,35.24206101199572,67.32000000688879,42.840000001099625,175.82760000713705,-7.853495941558971,47.54051345910367,35.23181513031756
136,14.647160473588492,63.34620624693284,375.95911703170725,56.767800490644305,18.259628230527554,383.66666616194794,36.29635805013691,43.44942681917097,375.04415927369763,-36.643836631725044,15.993521850589214,359.9789970788628
137,41.906288949553485,46.6923079757957,277.50426232969585,19.156151661984406,60.37496716840239,285.1354437309228,56.34297540461416,28.812879315925496,280.40125841346963,-39.007047545152915,27.28474154479931,271.4462537691877
138,23.525872992189633,52.01904355852603,158.9690920507043,23.78295597536536,43.6134544424017,156.03158559310134,23.86488382025337,47.40985173297273,153.71205927427263,27.744195731469134,41.349490557126934,166.60735082244383
139,33.053128301199834,34.838141872449945,175.12676636603618,39.67804407705647,44.63320920377008,166.3901313412286,17.082632501549703,52.66538003177061,171.99028402907535,-9.258434946379843,31.302981565359904,162.76990729615736
140,-43.74808685973575,47.335320390771706,274.56438953098376,-15.362030547576747,60.86519747305183,276.01875396998736,-28.380819135713306,34.82912805191032,278.8703589322614,-3.163195872143841,21.701986065993072,283.4960537380328
141,-26.668107789861374,29.01416867978382,366.64355199413814,-40.36392683617259,47.09560196058777,360.3509391577587,-16.25934431518928,66.62648845509113,353.70565857531705,-3.87756675100971,9.54584073515165,369.2648961324451
142,-2.0862393348923853,18.744972194052792,285.16823984747475,-14.723490772205102,63.79064490519242,278.828918195055,-34.69241247913742,48.3506228748744,279.0169622416791,-19.60808027820635,34.06539995057602,282.6462807179998
143,-16.8959924619846,53.812292259270244,133.84825087938688,-15.563382583851656,49.010528426062756,126.72873208447507,-19.835177032394807,44.68563973216011,145.47194244944302,-16.031224130200947,44.71360817128851,132.85609378896632
144,-13.084411217346455,58.06222203948641,186.31566668967102,-35.64919855594069,48.535168611305345,183.99319057049013,-2.461450167207559,30.97344905982416,192.31621531292035,-23.209837068115522,39.76529887367945,187.5828713651267
145,-30.651475088778557,34.015017535565406,230.934359249547,-14.514381808691532,55.70398725003458,231.50392020198606,-4.166413581150176,23.443424696161678,238.05610915779397,-41.38965646998498,44.52298345395846,226.60008280063275
146,-24.81272901102607,52.672682851792715,89.16005448585587,-25.97485276714489,43.95174553853223,85.93315644923621,-26.431721199272292,48.37859579977743,82.45365497088791,-23.73274865926904,42.501133703731306,96.68828543889234
147,-43.3688395600284,41.821247747519934,203.92845617160856,4.7073140024541104e-09,41.94396067374277,127.84826687141052,7.353065511104045e-09,52.18111832445083,125.66124672845487,-40.271160452254115,41.81865624587229,203.90757005392726
148,-31.84956591850297,43.771915150591,227.67976291135156,-36.10928255829226,48.02338175482229,217.14285651835388,-2.908775127837392,52.82699378591656,163.50494043503267,-2.4933184561036326,63.15300420649014,160.61184163254083
149,-11.410091039276661,56.131483917408644,230.04840138434002,-26.144122799380657,33.93296525617799,231.5496329577167,-3.2783393726153665,23.0695945749772,237.06434088430208,-36.63751804528546,44.6123595903864,228.0489389282579
150,-18.87046085724072,45.83316419527091,151.94681646617303,-15.48758624302702,38.74371432368557,166.439939678891,-19.657165426799207,40.818724472003076,154.86058256599432,-17.382421627646078,49.71126658437357,161.44435750712975
151,-13.865384931756328,54.68820821878498,143.26729770003558,-25.795370394818722,47.408475281439486,136.551859871752,-4.582356013367453,35.00343940111926,151.099455387036,-20.99963308644028,40.56707497720192,141.28103434804123
152,-21.146083562250503,55.38605330704689,207.54768072897855,-36.000946707225026,45.89663820978349,194.20057518495256,-30.66426407782857,36.811094928273405,201.8630157023087,-6.964116443146663,28.90597953240489,218.18899265863917
153,-16.906561703796452,66.6150896605006,355.4573538227164,-22.85258296415398,28.836198019206496,359.94797477008814,-38.08982323746761,47.051970368013144,357.55736212681546,-3.1679450676905434,9.173055283799092,359.92961594260004
154,-3.1168204426534114,48.07111724874548,147.76762418961405,-1.925492539037689,31.440905003969995,156.2686744824408,-5.261957598449898,39.394472960833106,149.93063601626542,-56.0064173745942,42.06344853930559,207.4749104701945
155,-16.387637848615583,56.68758071920867,139.4546325893272,-21.071191213577563,42.278312354649394,138.09489073949064,-25.613299843222382,49.130043245287936,131.88876973227778,-5.19072946861553,36.989822014331295,150.183545385436
156,-34.16463873944031,44.9602841754977,162.74133693747376,-27.1498502529657,37.55271000936695,166.2083813941266,-14.16313306463998,52.69019484341228,168.887246753465,-6.100700299892042,31.503890672965678,176.31271516767796
157,-19.702610957832068,44.355426056107426,91.00848596653293,-20.016497633668145,48.224466186991634,88.60428696219407,-18.327990599375944,43.2276338536783,98.91874468356822,-19.46654109199584,51.64277069736528,94.19795035786099
158,-19.792448726947924,45.1242008676315,100.72012175510376,-15.873042054834688,42.817340170880406,115.50919650977525,-15.917735765554964,50.20753054719189,91.88986536074805,-11.58318506831552,56.49254809121089,96.39115478182752
159,-23.577302273773814,32.13037812476854,265.2181084706278,-2.709896188874253,18.02339053644138,267.8987404976405,-36.61210528554088,45.29906188313757,261.7001880798055,-13.455514377392785,59.437377768487615,263.73513681093453
160,-1.5588122262523993,49.46264691696775,0.007642405305059403,27.02615579221842,40.83852086420179,174.92399431296948,28.053463845299305,42.76502839104145,174.86316521420324,-0.0001688130844513647,44.545958373996044,32.23149477216277
161,8.749553004834112e-10,49.28691511055796,99.86808791125047,1.1557961984261914e-09,36.86810577503621,108.12730917071005,62.219999997904814,34.67999999972828,175.82759999869938,3.406490928892198e-11,40.569997605668284,47.6400513770276
162,22.692035564028377,36.01284288105433,102.44763499110027,24.21542556431952,33.43921454281705,102.20968063351877,0.015053342834138521,20.519807535322393,80.83318776815284,-0.002637977287044054,30.38612864376396,47.847041568867965
163,6.487758782580287,31.235387583696035,185.40027530110945,29.23917979298192,24.044013892003004,186.16995630492366,11.199203018905083,17.432578523126192,188.52339199252344,-0.00708277734478026,24.52203752861767,80.29054625044358
164,27.274079009110277,13.161117170502612,145.28238731346377,23.86249009285302,20.580381312145636,146.51045695204718,3.308328464528349,27.928776180980467,149.1400115467099,4.711276866217137,4.904535219890386,144.2060442768133
165,35.5792426632928,36.6349102037045,65.41938820774782,35.33387681598272,39.33853213477446,64.04103932676097,-3.3628368174789993,41.95695903584305,57.99376283248808,-3.2904084249072043,38.64753642956237,57.10058798077582
166,26.393651113201404,34.9756195271854,103.98726149435483,34.756885512195296,34.45054149789453,103.99645755220077,9.229463503206551,34.69872087690271,103.90626066774934,-1.2822532258431197e-07,35.30612957256059,65.72818634204454
167,20.8709698597152,26.217022750942437,120.03853125300998,20.450870697082586,33.25816984022289,118.73286089800496,21.885761009799264,29.341023413907546,114.6810248422804,0.032027272189858624,35.434034056181154,70.35030224245881
168,23.59407273645003,23.13032369863795,175.74905297474203,23.420655291185703,26.761251306555085,172.73268164698788,23.18091154617146,23.61829603810177,170.73615662514845,0.1843199370579582,15.74787765463724,155.09008888466548
169,26.709030266188982,19.189822666908697,194.99666185650975,2.964809577333885,20.1147883092386,170.01882010845367,13.894353983877526,13.9268433622867,180.47019569535016,25.791972411993218,11.457827746990642,195.57872394690034
170,25.52774022054394,40.19532145176132,50.632303242600265,25.480932849186186,41.40784669507463,50.59316505050179,0.10741293292324727,42.28526604690912,40.07492266079773,-0.11618878873017076,42.63977879239979,40.156474261596806
171,29.583225404759478,41.65298652031004,82.31318660578658,7.321295453564926,46.123302646468126,67.73951923638782,4.8832453426518185,41.44054843512204,69.3826886244977,2.068356570986988,51.45429379227556,67.81129276539899
172,-15.057305465623386,28.351942333790912,26.16054467297186,24.99588560526424,25.500441409068912,50.97945147746593,24.984114394656803,25.499558374355168,50.97974858527338,15.057305465701134,28.351942333785654,26.160544673019043
173,44.950626726484025,40.79959949263289,26.003275452899704,44.93508656802373,40.807145563351064,26.129880794062743,-7.114807243659464e-07,40.14039659337544,13.565495673180394,-39.905712595127085,40.80759500799883,26.137415192634375
174,31.5620038892626,8.760529486839555,120.72988506657069,7.506405618391956,-3.006283826770469,100.28298867603108,20.54263430738838,6.6110833517472765,107.25890709515689,6.667663654943468,2.4704179911151942,93.4753392016392
175,1.6950556507549542e-08,9.522194478038317,130.9856770023778,23.658355753033245,11.223411506062877,84.27231964386755,23.261644219831116,11.216530320298551,84.27245806057279,1.0472231468779648e-08,10.460767580837585,60.433257998180224
176,48.96000000007333,24.480000000006157,50.97960000002841,-1.3581571880932398e-10,26.401433311262892,45.967734127267576,-2.451198939055219e-09,22.98286959366287,16.078816224178105,2.513102269095449e-09,22.832971723182542,16.94690194634574
177,14.19814820089322,11.673226610272708,136.7143440978874,1.5650383731135529,19.556751563859994,141.2154580944196,21.594595191934264,3.751649203948542,133.13523985248193,8.490099106581221,-4.940557311204217,134.8542835973298
178,25.310377457018063,6.120821638685971,125.88770914861361,23.64962225497075,6.119120468664533,125.88913902951498,2.9307058630116153e-07,-1.7609149548284788,130.25736904763298,3.220024193382851e-09,2.881810333031497,39.34973046247282
179,41.833299596836476,38.14991931740979,46.25483418487899,41.64528545524643,38.77884153720293,51.185194360644005,-1.366678778426354,40.39960734433196,42.83212557627965,-36.21185659072674,38.01497130538147,45.8385797767835
180,-6.348861272652565,49.34873010514542,56.36845087642525,-5.956873569746739,46.111054631842705,51.62387017486137,-21.39494192756456,42.08010378994495,63.99537351776216,-8.114675077629663,42.593843368274115,54.90785898256848
181,6.517493187503652e-11,41.85722837731575,9.073378600970514,-0.3492127609539107,41.908843827773936,37.45170682812663,-42.49078649057069,41.819269833384105,37.454356782709105,-7.485216478381111e-07,41.7865795449822,34.78627656789415
182,-21.286732711826666,8.665330152320314,78.65524412046376,-0.13657261827303518,1.8880926526564024,57.78639172202626,-21.92425520320614,12.161081728335734,80.27844931498731,-10.714547633437993,9.337098460687661,89.88709895109656
183,-19.13770701404706,20.10453348228664,82.80844212012684,-0.018115658497207587,16.124028882631777,65.54257973771658,-18.650237131400097,18.263712082407075,83.19456381054869,-30.533953339571617,19.609648039730395,84.71058308181262
184,-29.88016556235181,41.26361545545918,50.756704954040345,-0.00011074363706253229,42.47304329111623,9.169013861369212,-0.0006205416487462225,37.8788378438277,19.212017395329845,-29.279025570240066,40.32687716279211,50.7636980204163
185,4.625669497219955e-09,15.604969311932793,35.94165716466174,3.6810899313762235e-10,16.84031971039745,32.43390164105229,-2.1724905713513626e-12,16.843979375491333,9.88164870080643,-47.94000000499091,16.319999999936805,37.454399999954084
186,1.1574698272804274e-08,41.043049913902486,191.17191209461936,2.925644129406801e-10,29.830956348362815,67.85546148453378,-3.7345129432174082,38.76142776481015,104.05065591715709,-37.06548706861706,38.759856136854786,104.03892629612558
187,-24.76904973213342,13.481887640948637,145.5120358877987,-29.556664806799727,6.689004414246681,142.34779623803988,-6.495432608478369,18.67096423964566,154.81002876468438,-9.545518069809019,-0.6814138128117284,145.2566557907518
188,-42.8399999764071,12.239999999953943,26.010000000401604,1.0811016402834584e-10,15.549506878409188,10.937806724238786,-3.6351342810176084e-09,11.443703857100441,28.83683926734389,-2.0063210448339813e-08,12.176062347868672,22.598843369736556
189,-0.00022777389315818363,21.87906459640246,30.279757500752535,-0.00021487545738861863,29.478942755702263,29.695454454403425,-36.12869309822545,25.104536300203975,103.7995108241871,-19.970854494876708,26.215420485079168,103.68117359265713
190,-1.1500525193927256e-10,0.05947312446905633,27.827068140872786,7.19427554812624e-10,8.420200626983148,57.441339581925924,1.3321940262122722e-09,-0.8182308487759151,55.51057287105376,-43.86000000209221,7.139999999717377,104.04000000094732
191,0.7282704771328967,38.97504950828735,106.59267395308822,-7.10337763487049,20.433843547296444,133.54863583805306,-20.619013430578942,26.081240179320673,128.07183072251024,-15.844890136428802,33.148359447267794,132.484234707398
192,-12.748786104167355,30.76980209187163,200.323547484688,-15.232520538670615,32.46852366436834,195.62971272316864,-11.44397651352523,35.89600077261377,194.4375488930633,-6.47471286832879,38.20179251333031,198.00085241221834
193,-11.27503857389085,4.045028556983451,36.050376194553294,-11.32019397605581,5.189714047579115,36.54740093831855,-11.554129793769174,6.20161526323612,36.29309205807121,-10.731248357471879,4.926870581154743,38.63376889311083
194,5.361737525232975,2.364784257202323,51.619956503017896,-12.153918439312257,4.052022316168398,53.84544827582815,-40.12864563999669,6.244228694834745,50.77682910773016,5.9846617465585365e-05,5.204134478015262,9.995147258848993
195,-23.44809280718705,5.010659949637724,161.00188320087912,-1.90377416263154,21.48741376264391,168.28451491003943,-16.5945673968888,13.28415386546332,164.10553424640057,-6.988811118032348,-4.091813489699933,161.2824910964713
196,-6.745435868756742,1.6951779805017155,146.47502069819134,-15.558527591972469,15.936710740523958,144.09861023898952,-3.485686803958385,21.67397240610567,152.10985902744486,-20.103623872685407,8.964326391370346,142.2890274832947
197,-17.902072449310737,38.74836556260496,26.234437380329577,-18.07149881573407,39.248872861687495,25.6696186571683,-18.086502655287177,38.283072769527884,25.661717899140147,7.023603380723529e-05,44.97669793442305,14.247558311288017
198,-21.763829615061674,22.32865798670335,115.5103839584611,-12.699853487652062,26.17275518586146,117.8076697757928,-34.8519142490748,19.122940061605213,121.15848412475691,-0.045030474822957314,19.32343179485146,243.74794596085837
199,-15.984229256702834,31.447222872701722,80.4830865426927,-19.007476887443712,28.786847361644742,78.79113180168653,-26.18584789307923,26.631787785860737,81.66935591961536,-0.022557269094739055,29.9963225416756,146.7127405975949
200,-28.692270853264436,33.507877354845704,122.62529586955648,-29.10787151383376,36.322428567217656,118.4448723188726,-0.00504843225842685,56.09508077096259,48.42341088555353,-8.49302569571282,40.953803996643586,116.86583060844177
201,-0.0006644545296376844,29.941465881718944,14.349886215846375,-13.400600753651114,30.27907022265947,25.534658354448194,-3.5160450561547196,31.591665459592637,25.115377438485275,-49.38269156518989,30.616491091739825,26.104611718760914
202,-15.76160855083442,10.109886531887456,46.57178693783277,-15.745088130316075,11.148126686533764,49.22911798155948,-14.388326408624776,6.728868669029723,48.34108499507732,-7.144827551025999,7.728019201531048,45.21539382000514
203,-65.27999999686925,35.7000000000002,37.454399999533976,-4.320950185209769e-09,34.80577831348234,43.02524070133727,1.1906129153278598e-09,35.8790668914224,28.03016340673843,-1.7363163326043658e-12,35.891418290224,4.152697364757557
204,-21.715192504402886,37.85608490011377,26.121148477568724,-26.675873992672486,37.64650877937028,26.088435222498276,-13.134785974828654,37.29868789501064,25.495161009894563,-7.834153297134785,38.47648389538526,25.3621684171277
205,-20.913986533638848,18.907827157186773,25.5978743490085,-7.830095726638825,18.708424276842617,26.228876058663257,-11.127040418313172,17.645033518031415,25.84209156187905,-13.168880667520225,17.886916381545216,25.471791441231336
206,-22.394088685738954,16.269592538437745,64.07624510233504,-22.252181660638943,20.385990340142364,64.32227758210765,-20.58978837671542,18.446991607682687,62.49336077975984,-0.04403915086394569,16.916856046719197,99.50184384258843
207,-8.535488862093061,32.82285065497943,111.58617644205825,-0.42881218689231915,45.852976557441075,103.04710855825935,-7.134965619055713,38.16305034110752,109.44228180621245,-51.22038581808394,31.729331555161124,124.20068753886835
208,-27.4851769492249,35.30348071555622,99.94372410053298,-9.049419571558836,35.5939372679725,107.06537676973774,-27.30814848786506,33.05463289434037,101.98990131626579,-4.497336112678176,38.90052396275529,97.5390076276415
209,-21.554388115567704,36.52251065490355,161.74994743145854,-17.245483138137775,41.31349867649606,165.3194082627873,-21.375657145133996,33.210134099844886,169.04798155798284,-0.0028387463448836386,40.35362801583347,62.9240965085727
210,-41.81999999999859,27.540000000000003,37.45440000000039,4.7432063577134066e-14,26.43313043714522,5.835211321010197,0.07467838237862122,27.52512828629643,19.973285509953847,-0.07467838238005395,27.525128286290823,19.9732855099541
211,-14.944521392064924,19.48057736487362,84.23416123704529,-6.858695503845296,19.387441678947567,84.48308307943957,-45.516813475409904,19.345855868866945,84.24872119215931,2.757887595877191e-05,20.18347610397462,28.565259711356806
212,-10.127781161331304,47.91335185575259,59.607771348086274,-10.417785078826105,40.56726003303364,62.20540575398012,-12.458863052892205,42.209263177650705,56.533401273396215,-7.794027186079132,45.628544037164865,54.16211880236656
213,-15.826379459434785,15.22243507535883,139.00341257495782,-3.55801608719446,21.38728131803392,148.4053733789956,-6.798546777344962,-0.26407326624964916,139.04514278406114,-19.70040415102311,7.783824417113744,135.70660198708705
214,-12.277745542704965,45.437106833172834,53.566603180359046,-11.349781751203453,41.824990022819726,55.12648922449285,-11.067251989778619,48.500949502723124,58.10389006671959,-17.320786436849207,41.10476221066754,62.80640125591006
215,-1.8495887310162762e-11,43.7675921484423,4.169472376277029,1.078432530396928e-11,42.9545612249089,11.331251739171474,-30.857199228959487,43.86000568326613,26.00883356402111,-39.522800771028685,43.85999556304954,26.01091064222617
216,-2.341179652961399,29.849998692155783,73.871862674633,2.3411797215495094,29.84999869182417,73.87186306261215,-68.97926777646899,29.57998471640247,125.88811079604275,-0.38073229215390586,29.5827680579221,125.94077444681812
217,-48.98485032618943,34.771372270797556,127.66089482169431,0.52226376473562,36.243314254643316,157.05450299744606,-4.84876928110604,31.82510352628949,112.9138532016246,-4.828159042210833,36.78589448892102,111.75679212626645
218,-20.247251775697755,37.99983084588076,122.58268779662876,-22.17537080952266,43.83239495798624,119.0503972213248,-13.277424038603522,49.49600126541715,126.92198447984619,-9.568571593461263,34.55178206903357,134.6276028417024
219,-16.292143015634423,43.205137867687256,36.4512535241606,-13.249871231725134,43.96018580256357,37.925079607902234,-8.425822919823728,44.93233603188806,35.989946927023894,-16.092327631945807,43.87919186666496,37.80670125177644
220,-0.007882465204973987,44.79563174299634,76.85510199408039,-56.10004059894044,12.240009080349301,203.91860814450686,0.0006169776077555623,42.86692680545926,120.92729468019634,-48.952708180297265,44.880001926017016,66.58452485020823
221,-4.558286029744792,-4.465282753080718,0.09603270343378117,-63.23999999952833,25.50000000011428,203.91839999860727,-13.841995197115612,10.200021921548096,37.44768635849362,-49.39800480332598,10.19999385842151,37.45628091161472
222,-0.18132685722292588,-2.9097711621519573,101.29379700471857,-0.6485196623500786,8.710481993908264,112.37699878474265,-69.30154628607153,13.260649597890797,66.57772577043143,-66.54695791721711,11.284902993041394,149.6153610201094
223,-23.295860807178997,44.95722167891998,37.46510965091272,-23.60144276991741,44.918613818258216,37.428252893466485,-48.95999915554181,16.31999984048791,84.27239679162064,-23.48270037487365,44.76458506425123,37.449348098031884
224,-7.416606563696502,42.90435889610453,99.43772930715517,-25.035152556689187,36.86239709832229,110.90500108904683,-53.699472966059155,39.46308711359351,150.22587663999198,-33.16075649832573,36.372991156824746,176.006194965621
225,-24.059768547544483,8.585570290649143,188.44602831070037,-22.509448292775623,12.158853798667582,195.98052815618743,-23.804704830550737,3.9475704216498375,193.91347630566622,-49.98466354716432,25.499885746284164,84.27367705682968
226,-27.303502202270952,39.09284570415256,125.51588059599214,-34.72002651870662,28.77472576415388,37.40712670381128,-33.61961248941381,28.338242263204123,37.40617047353418,-40.01683634802176,40.24873406682227,125.60076678272695
227,-56.32948149817006,12.189894763041236,50.88318582253522,-58.13996502522372,41.82000473846251,84.27232033551687,-37.27342791184733,14.039516661236062,52.696296846461905,30.36286742107609,14.356119764366474,52.40968671092229
228,-23.92422922774923,12.10658935008387,37.215715776741355,-23.864447810062572,12.358500629188793,37.664156048267074,-24.191954321009874,15.323313132266822,25.794773046611134,-22.879353182866392,15.271028357659167,26.273706894191054
229,-43.858675049688614,33.66003850560936,50.97905336356116,21.7760779844381,31.79581535524971,125.65412649026716,-6.66336849835548e-05,27.892522497486915,18.89716492671497,-88.07734618477957,30.89567975881652,126.09595936539313
230,-9.514205588923637,10.558276132300692,138.10293695315985,-30.122045147730987,12.303328649372157,119.2606805555485,-29.76058542636375,7.972045582862105,119.50472440735257,-45.86447835070326,34.68779320398624,175.77217758530222
231,-33.43260731018004,40.38447686691917,106.8850993982291,-35.43033388651995,37.92289013235352,102.55732854638926,-34.655333314167294,34.55413175513624,118.21168251241679,-10.72624654932458,38.035453380610136,139.7755668006322
232,-47.939999978965275,26.52000000310389,203.91839998640972,-4.4210761181882225e-10,1.6865998846000476,98.40414150043013,-2.0613770198869824e-08,19.706985925262792,178.0442577709835,-53.039999999951085,22.439999999999923,26.009999999988988
233,-45.90000012429022,29.57999997469624,203.91840015144547,7.461189070916206e-09,4.754710259387361,55.10753693497414,-55.080000007851716,5.099999999960327,26.010000001044144,1.2384587502566177e-07,20.351030642768603,135.85922800626736
234,-47.90847839828547,29.54725176587415,102.52622909127442,-22.721681999424337,30.22092022129567,133.0444328701261,-37.56319861493079,30.70144841644393,154.27368207825043,0.07210963480091656,28.78401149560036,65.48511956466086
235,-31.087099982646507,35.75962328291338,65.96898719568328,-38.21701330488654,29.63004126980377,51.22147731091534,-17.062630074287565,29.485888086941863,50.51906697573276,-29.913267979728154,35.6686416566509,67.14702382278045
236,-46.91999990918712,36.72000000029231,84.27239993672005,-8.99560151938132e-08,29.586513235990694,216.56909353110834,-2.7956568324183655,92.78782907204668,49.454149759556515,-47.94000000461681,5.099999999617391,125.88839996978713
237,-27.47412292078693,30.0283663324698,128.7718511607317,-43.27668781491209,34.08478170489778,125.18950719960671,-47.76054753554474,27.105612100392346,125.17075853117939,-10.008654439978464,30.657691986635477,132.98054401014193
238,-62.18790757250676,33.66443520417571,175.80339979739549,-0.022790818204832395,28.592794148423835,118.6006387692981,-50.997610855226824,13.259995941263783,50.97903594047395,-0.011624279064050861,15.740554210692583,98.78092365769797
239,-0.05010185343325812,-1.6745976437901093,96.23571192855007,-20.897268192472552,9.573397497601242,123.62639026679531,-42.8394921621941,14.280002483238212,26.009902076717196,-46.372549890859496,11.976368534086898,124.95443576819704
240,58.1399999867326,19.37999999790513,149.8175999862074,2.4129822509674423e-09,24.214684151930253,64.24212244970678,1.483671194459264e-08,36.77480760073825,105.14765841344745,64.25999999621285,30.599999999984274,26.009999999457293
241,55.08000000369022,24.48000000001016,26.01000000103687,47.94000000947851,36.720000009705075,203.9184001363527,-8.548051831690565e-09,49.06510017993854,128.60337347537856,-55.29468519630813,-30.917621017080975,27.136723872215736
242,21.046060097474037,13.343054678969375,82.46220116533141,49.392066832251906,12.027318573505763,147.884681026542,32.486699439375144,13.190101826675527,85.79954323031824,10.29541825613749,7.299631466891439,142.58573677480632
243,25.957918189512995,21.97659977230911,25.827188760244407,40.28761831109743,22.74071852595725,25.89003259554412,26.52456907732664,14.154685350120351,37.131964473448456,21.469898755284667,14.451494517210813,37.89510868266954
244,37.55179314259047,31.50637373778031,174.34276107955267,47.878599596840154,33.65902662690797,104.01454297492435,20.64887921448541,28.96214038431058,174.21504272581564,0.0003038775186670236,39.115514649940536,31.65578646771577
245,47.93578017391707,10.200074769862963,37.45369799972731,0.2989852043279804,2.673842022325772,103.15643289173494,0.037306638460970945,-8.275652011431358,68.98192775716092,60.86523421014137,6.147217195562083,125.81268741125557
246,29.994590498814908,15.366425148001449,50.41184027686749,16.343474835488976,15.13718382329186,52.36082731120126,16.677138609267804,9.285226147938221,81.28405725439835,27.763657438241783,12.342902108992106,82.77439028183318
247,34.705683695407586,6.102565761042179,50.9765409161512,21.388441398816582,6.148054798296855,50.980945120309926,0.0062736666093136445,7.597364071401414,64.95460649023691,46.919614014381864,19.380013780114545,37.45435236288116
248,36.24092435939138,9.189273323150692,104.42164745299323,32.09430175635213,9.168226104047214,103.60349726528135,23.291654110265494,19.36783228866716,51.13830294747824,45.053136233817725,19.386123427665098,50.89952252998495
249,63.23798984611108,11.219940215064907,104.03830618399617,49.98049584263774,33.65985803488624,149.8200154535162,0.0016140255438318028,11.386065237436904,216.60863840078125,-8.371491154127119,87.04136790603465,23.29071172173867
250,0.0009432298864763644,7.312363664960152,108.494471431689,59.17320212683016,15.302539558120927,203.9379234993267,-15.67945060752892,135.95417090439832,76.37757133568657,54.045902998462616,29.581047526630638,175.8236073528411
251,41.81999977052693,38.75999999256425,66.58560024116221,66.30000000084517,16.320000000053252,175.82760000281027,-1.3045114258692508e-07,40.626762908339224,36.793016085338444,3.599344937678644e-07,39.03277056035074,44.73566031893189
252,-2697.982704995823,47.15156583551124,15.799043943518772,94.61493931340584,44.21612792277971,11.85023007397695,2542.6140489985696,47.26887082245593,15.339553782309371,150.95775175680612,40.86804835369584,84.90304599974384
253,56.09999998823706,14.279999998057297,125.88839998579623,62.22000000855836,38.759999992604804,125.88840003025838,1.461598023310578e-08,48.973196808828575,46.158870318906054,-1.2188673584635225e-08,27.550191561130436,43.81530274527399
254,31.072327562530656,27.163359540048795,125.51282216414758,30.513127870180533,34.89572499159176,25.96536111205609,32.7265058119086,34.47886295788263,25.967527641273666,37.268019983261155,25.983669300677096,125.56818195270898
255,52.02064663427717,14.280003767922501,26.010074403540266,23.442547532354673,21.727254989323594,65.62363752010873,22.06392919435996,20.410760727845854,64.75347000407515,21.812874275328966,18.962872803642462,65.51391110899077
256,58.88840241390704,41.871252203046076,203.48850358960158,42.853532273386136,38.76016519592688,66.58973379774307,10.73076285646808,26.798315377896973,149.93289928509412,-10.474755826247408,26.722311647802233,149.469595853708
257,47.93661320260814,30.599949934339914,26.009687114012504,34.97605850436564,39.95675335051377,50.57832869581011,26.083398854690266,38.267713811768715,53.21271777298708,-12.096020428400239,37.032339988796274,52.091280668802945
258,33.97490886549559,21.366793397020302,52.75586221201787,34.008019482014525,21.454310446154093,49.82338384687466,29.617015601344395,22.42671816723706,80.86737426145532,29.89975170473882,18.356721833223503,80.54391194964644
259,0.011215422118217109,8.505106709723869,201.62067226239716,4.53357588153372,5.610711572452548,111.8376003765482,47.51310326142022,5.060585630606463,103.41919579007214,54.02433965930834,23.462269250277892,84.2643673767408
260,-3.074431165483468e-08,19.03110007480687,63.63133267161939,-38.42931080682637,21.50096623389333,104.01035165330983,-8.490247252687674,21.403113039273073,104.10333256689307,-9.180441910007149,21.09669298717202,103.9733048635415
261,-0.00033988871248092923,28.750576135816402,20.101270404667265,-16.600971802840213,29.384754495973787,50.46099903132958,-27.190310486008404,28.056369190887793,50.60443128628961,-0.0683847659223463,28.59072212968434,60.286999339363504
262,-13.63799065533433,11.742909842507522,68.75840107750763,-0.4823123592442421,6.285225849549315,56.40436517326858,-6.383621399158094,10.56941890013747,61.40877364766169,-30.49623910610208,12.906042383705923,65.16239716750705
263,-1.4843047623394854,50.501243300155195,128.79118106902723,-7.1808854136840825,42.35155043930825,198.5858347574098,-5.933410894056616,42.6024679502752,143.9485670789291,-35.39205742160893,38.34619578086624,169.33380067518206
264,-61.199999999999626,7.1400000000000405,84.27239999999985,-5.320914759583312,7.649816116109121,0.006259654896901027,-1.4540128611698704e-13,6.151869133537951,40.03006538256326,-1.963141419311015e-13,-1.8055297638438,37.04972005030632
265,-24.953674175324096,19.896236503699495,143.90957162221576,-1.1985990215604534,13.152052256841383,137.08515513799838,-22.808011984021082,23.52187296569098,146.38635877577474,0.000493745630194592,22.704288868230265,43.59567385228518
266,-20.954581849143704,15.807601969920842,50.64002571139097,-0.2327244082185337,16.62004118330579,47.886893471651945,-8.456418293140143,16.348376895312956,51.19059290482407,-16.256270749142743,16.961440855376072,50.600126315655686
267,-16.975104164497342,35.63783814922259,26.008056921234175,-17.004822698788416,35.74961453930284,26.009315128399983,-17.02007296817661,35.71242757574547,26.006154359085553,-1.6931284385354887e-07,31.09690835121184,18.087496574098196
268,-33.183785187592065,36.16067653405024,103.71175370353285,-0.0005863688733043938,33.96006250497038,43.354302422194024,-30.05562658295032,37.33754662899716,103.67554742131044,4.728890889049915e-05,33.06378405078041,17.15887370812765
269,-2.1248775344308632,-4.379054406197869,10.028689617832667,2.1248763636402868,-4.379053735315209,10.028689374639063,-3.2180851657504644e-10,3.1976122474042454,14.1801590051393,-56.099999997743495,6.120000000411721,125.88839999726235
270,-0.020264721856326412,41.50241652938796,98.83478197084321,-18.4300946683273,39.87863027434902,48.616025835909035,-21.977092579581505,35.9768759298865,49.20285888842223,-20.773068045555632,37.7048257096514,47.56222168599209
271,-9.504436561626408,15.765562212043292,79.16429788289307,-2.782274699528591,14.597864309698265,88.90212748492118,-17.538201990968897,13.351953179514222,81.01070437575916,-16.07515389219153,17.271494048890705,81.81208515907872
272,-14.428016657667017,1.2408779914569996,77.54113795819927,-14.621119389379547,4.2266189198049515,74.9975740225021,-14.61637442028635,6.701523429193579,76.28963033046445,-14.468160356351179,8.22222311964241,80.28726902267954
273,-21.184032909765133,42.958214792785284,48.939882448289815,-31.972458509015485,41.79970783259072,50.18213594139039,-16.203170963953763,44.73781536180483,49.458671287658014,-5.25855548816187,65.89251094750661,9.12847506962553
274,-21.379959211805467,6.0770748992239705,110.049264200931,-3.151889211359946,-5.345992402908986,93.98266623445664,-6.317229527558525,1.3503861750261965,94.54354547512578,-24.207346335255956,8.922419700005952,120.62733553076947
275,-6.838826218687547,9.409102778586728,203.6010112605353,0.6830371703837415,8.85181740543652,202.90607767524327,-39.74421093689963,10.312920663066247,203.86646952644503,3.740985996841913e-08,-1.6652633976072972,62.15521066234906
276,-19.020481716266445,42.46060471970859,49.3136632572803,-9.758850615934664,43.66452139733929,47.78518315308521,-15.87753030564789,45.45390091721888,48.72086351896763,-23.683183193976568,43.99589841121637,51.838646478167654
277,-1.1448878300092917,23.33564084406084,45.43603679495164,-0.5930034825813647,20.561148543516207,45.522985905598595,-9.909603820030156,25.001988112123332,49.50585599961046,-51.5925063964662,24.45017690984034,51.18962364635134
278,-6.8927946378530995,18.433749207083707,37.51617591601118,-4.432180080933224,18.71687988204254,37.36934742909543,-42.73502541600766,18.311091804642306,37.4367788028904,1.0748174501542392e-07,18.234082678631065,8.362304451946915
279,-4.293722528855594,22.43045182434535,150.51095913113608,-14.222996252731683,16.980293660882854,138.9754664821443,-9.148827930080174,3.6884136963191425,146.5655329817512,-15.166327906751661,10.086277843690368,135.39610771757532
280,-2.6327181099238093,51.55611514057776,146.3739240226841,-9.600406596201985,34.13598207690103,156.28602683783498,-9.507726974479219,42.21415278518142,147.38940247267595,-24.147078812993406,32.00938587053944,191.9872486697248
281,-49.97999999985693,17.339999999999467,66.5855999999819,-1.8598573334604887e-13,23.04155073076831,72.31548245601087,-1.4387733818598574e-10,17.79287834632245,73.27097015075397,1.0960181131727738e-12,16.631145063097968,18.265238371934913
282,-12.000970640874407,13.266811200816523,51.356356565426985,-13.335736188370168,13.005092213311904,50.69193779987444,-13.31550081129101,12.800825793176381,50.61217531687552,-13.36779396625263,13.96555810196109,50.521688498178484
283,0.07593405991140001,32.561495971352144,121.50411341976113,-0.2630505023739981,32.798624151197096,136.0857242006087,-3.5207099700359072,36.61097934666622,169.9780794318126,-45.252126444070534,32.329969528142435,175.0978080087738
284,2.0908217574055253e-07,30.785825799213335,3.9645735585205926,-12.82914741745974,29.791351289962112,25.948637378868032,-11.1562482305476,29.615246852414128,26.052005677502837,-17.834604582796995,29.405918331377478,25.964650767592413
285,-28.198143826113355,37.79093317782269,169.74345101310183,-20.008053777949126,39.74664714066668,183.98835763008213,-0.06965031648224469,51.085673672111504,90.27846590727182,-1.7119245951249866,42.84586801972815,139.43435834348898
286,-41.81999999886167,20.399999999974813,125.88840000266583,-6.413995456446258e-11,17.02859014134412,11.072946726747748,-1.9028672584300247e-10,19.470828815530822,1.434476535560262,-5.326353130254147e-10,25.40292827561721,4.8125971411253765
287,-29.581488736439727,38.87755284442141,199.18612847373066,-3.4860520370957797,50.507286615736845,170.60682278577374,-12.75733903874093,42.453833832238395,183.51158972368577,-0.05920981958204177,63.59725594052558,97.276101750747
288,-16.85030501960549,11.547259158869862,110.37626767584115,-26.49732034330661,13.645220593741586,121.44785980231114,-10.212629229281763,6.1833192324171,104.28353193103257,-1.5163181784029482,-0.8053484123076828,99.996822319171
289,-8.539926547713561e-08,26.61402040051509,34.19025825031732,1.1599300673050797e-07,27.4340077490091,36.57528626775938,1.0457412951939212e-11,30.004384122393372,4.846712565113401,-51.00000003061337,30.599999999368887,37.45439999993667
290,-17.00409476976839,7.567147820641837,122.93876702008225,-14.40865450787869,6.7340808235713565,116.11186440251045,-10.16323520867346,3.3425214677679573,112.38210847591758,-9.422661131486578,0.04855160851524427,116.71641209476834
291,-11.738083542774623,42.54441752621127,25.48118624812814,-11.978527866495808,41.44869756039137,25.515579720505972,-12.061922735563382,41.364460391698415,25.836237861238743,-12.161480847256088,41.93834581524041,26.31785318803152
292,-3.995505249794969e-06,36.69707911774866,28.105513867472567,-2.293834889575192e-06,32.42354066810146,27.623280274285822,-17.045209255313193,34.76173073727737,37.449460861817435,-27.834784421384196,34.629950380937586,37.4508300741848
293,-20.72630917737892,28.68337571504195,25.58282021969215,-0.0003494192225844088,25.76113239725238,11.73480241052359,-18.062059206674853,29.56991369245875,25.237776521887067,-23.431279194091836,30.38094757521442,25.63036291642356
294,-15.554693289055392,24.647321726684837,66.57057383833128,-15.55465970024377,24.62092353053121,66.51346892184948,-15.554676544729423,24.62097088904197,66.51359396670263,-15.555965720561867,24.030821163612003,66.47510771581112
295,-15.319231914658841,17.907999139313006,50.76982248837743,-31.598998092770323,17.064701953069157,50.84745858549287,-1.775098972014781e-05,21.783089051486527,23.015872399072073,-0.0017671974288744347,15.88817907074254,83.08854018211542
296,3.3478747186442273,20.893557988078456,178.91130707591955,-19.338809465214315,21.156699759131477,162.4166826373952,-26.142377435240686,23.25335175608551,141.85681735283924,-14.986445478593513,18.44442334634044,139.17466794622246
297,-24.64228658162698,16.985168292072853,122.64226327581227,-17.47277160345616,18.325811240347864,128.46715256983123,-20.09680488512095,20.075214023999518,122.38409021984648,-0.008156916752919068,19.04536313474004,83.97107864048618
298,-31.169535631794247,27.539790102523252,66.58877832501386,-17.790464366636122,27.54036777054794,66.58003112419098,1.1574580321598645e-10,25.704366624007825,50.572303092392914,-1.695550862876354e-09,21.774163334580187,51.66155307625417
299,-0.0020018356217113746,24.98387721587909,71.98823361761787,-0.002021846586395236,29.986729616445878,71.88892475030158,-59.15597654918045,27.54000290563451,84.27281714795934,-5.640225776140862e-08,27.45450732869605,1.3455309262904964
300,-42.0497431460625,23.46084509058144,203.928886979802,0.22985584709683868,23.613269591862966,205.78460725782185,-0.00011739989180882028,19.473559989549088,124.9421340905712,4.926026145181466e-06,13.521292327459678,94.32215198873735
301,-14.334412306216828,24.019063733411034,83.99577685528433,-14.940712635860883,22.10003801916813,83.444682077462,-14.757099366129001,23.409118017605916,82.9926478678237,-15.127773418717506,24.323046744759562,83.73011971175734
302,-4.067220622488802,31.799933976536476,23.16269931934418,-3.240872916791957,33.74190081629869,22.990507662036478,-21.135693580455776,33.719147696416364,25.297360354195163,-25.61620853882076,31.74357814504732,25.4019199768626
303,3.1890019462372425,29.427541133521437,54.12381581555235,4.16609669087029e-10,21.441414397496516,42.668996832266345,-3.189001932442977,29.42754113536864,54.1238157874407,-43.860000014210506,28.560000000081477,66.58559999864035
304,-7.771103232699585,41.124432738947476,185.57242821771734,-7.876047325622124,37.289052438704324,171.78192319993119,-24.294118554832426,30.78386427369427,196.94280665438782,-6.978350847050099,31.262573799900952,173.35826959191752
305,-23.22292415435314,5.946157178725326,157.4084424954756,-3.2101850377149015,21.171940499610727,170.30821868772298,-18.61716769587059,13.926451182569282,161.88047328808267,-8.983508746399238,-2.616109200181453,161.875453423899
306,0.000189741334884698,26.775450435024602,25.94364808659959,-15.412003292098309,25.68912064049893,101.87027327240341,-1.146810085271713,27.315432224757416,94.16724558116888,-26.28133653387093,28.635177383335222,102.5305339565527
307,-26.521831901782303,29.53718664184189,125.05168372972315,-33.64093661961561,27.790541050447274,125.21876202792927,-0.005303822368560812,31.586542413487642,70.78332461058982,-0.011900002286990802,24.49076528749207,83.30129639278472
308,-18.023774886950534,35.43583615543285,48.12849308520648,-18.221411612210847,40.10724167839762,47.65010241987688,-24.20322061339169,37.62480811889358,46.75029106087866,-2.791754199415666,38.1650845489522,56.66397490919203
309,-0.12972738352142668,21.984241962812167,120.69229306232597,-3.7305554273097847,34.17206580581903,153.5503839898418,-39.923210981090925,34.7489226453368,177.506276488719,-0.078389640218659,45.556798370294175,100.85255135569878
310,4.246367472641901e-09,5.3095547806803465,51.49270716670419,-1.897580887967555e-09,10.082433445765805,186.33834867673107,43.85999999760911,12.240000000641553,104.0399999989072,3.9138189548770425e-12,8.720749092868653,5.3837669371816
311,28.749094097551698,37.60119533613377,82.54728532190096,41.90318888068799,37.7705942311848,84.65483569790098,-8.816459304155428e-05,40.88548123999964,28.785777334281686,-12.512161228282038,37.52344072597251,81.58860925760543
312,21.458625353534686,29.697267786072832,139.42197652166706,5.0789828975446625,24.598484680470325,139.52710711166753,14.263474814963631,34.094314596717815,142.82104337733585,-0.001432327454912781,28.213260767717326,49.66747618481428
313,31.54592275362892,43.262660441304895,32.586795364762104,31.521635458027905,43.04070442888129,33.85731080382817,36.66616601719202,40.60311359982002,37.254198768414284,-58.93380898458761,43.194212291490885,33.024426237765375
314,67.31999999999981,37.73999999999961,149.81759999999497,39.67714445737355,51.94274464763776,40.16675088775073,3.2546789159023986e-10,51.609054305637116,27.81215944137672,-39.677144457444264,51.94274464750158,40.16675088711959
315,-3.642257480694298e-05,-3.7549880824255655,74.8044413291735,32.91876171532739,7.714445748883676,149.40281068381688,1.4605653737584914,3.6190098603940046,147.43172780120872,17.640700560415592,6.35955888587127,148.53748975254592
316,31.305753384178054,27.37966751536376,171.5199630360391,27.94803420849875,37.74234737671224,168.210223766852,12.790044005204987,20.90880309358509,182.35477253003975,-10.846420409824624,39.79767423011014,157.4074012813236
317,8.952846878281491,20.31874473283481,128.93190118617977,22.44794948779042,19.16121341115634,123.46911955297897,19.599245526364225,21.855900702928253,123.39091834324796,32.17127195020575,99.34512569729308,81.91677123503442
318,16.667834749098002,17.340713456958923,26.011544172477613,16.57204644613193,17.33593651749323,26.009469103742667,16.740118804973097,17.34331231977672,26.008960163090762,-1.8779962257496287e-10,17.226377227039972,43.49291809422401
319,1.5601387140136425e-06,49.54921719215996,88.17678556206027,1.6513146141390773e-06,31.961742651142668,75.42877585427766,1.7641945241628557e-06,40.44382660023264,74.47041335453517,56.099994988077356,35.699999524382704,149.81759831258518
320,17.05823170779025,15.291658985602034,50.96181801793801,17.584829977033895,15.372015225112511,50.98196242626271,17.376940072634003,15.235311214337154,50.98516471921646,-1.5982734908795315e-06,15.664308889598242,16.928208201971266
321,19.43155881399881,22.42306407800932,37.89285390524317,22.093115092041703,23.09383028136913,36.84417658802988,21.71541473224431,21.789976938096213,36.82536667843646,-8.412775064393907e-05,29.295355700260547,14.365632502172906
322,14.618598262935961,17.324157675846255,37.43475466365162,15.719067347550542,17.486429551656908,37.44244348441729,15.562334391079906,17.206977319289734,37.44534269410943,-1.398252850340904e-09,17.387486769528056,11.159556695197194
323,14.791457461348882,42.73103821952422,45.7435223530547,14.208560615004151,45.5444716008345,46.868802985261595,19.6554691016563,40.929036076108055,48.580518205840434,0.30692759665122477,45.434555954314476,70.74640426020952
324,15.319933884740934,32.57769648467824,104.09097641276298,15.364311283844215,32.64865942594183,103.8932365733125,15.215764851468169,32.693989516706225,104.13016750403405,-5.2920268298237075e-06,32.96135801276948,13.81872742633431
325,16.615448503221515,27.869135855195683,171.52049100543704,14.14419358130807,25.407068838324175,169.23682650025074,14.267554219191393,22.846955038379793,171.16283740112164,14.132805030782066,25.486035638765777,178.48344897425758
326,31.366742461618543,18.784493896788764,194.24154307243813,2.7074619766065537,0.6939069846442685,160.66000055980223,43.63612985684108,13.326402078230277,173.54587022694048,-14.4753147514032,14.156097932862236,160.440774771326
327,13.30792406512479,17.732464788578156,66.4011730010809,12.240952955206021,17.355157798521258,66.731025182645,19.331141161926517,17.060221332708768,66.43600929849528,-1.734676070742475e-05,17.343017114059894,27.984410882922173
328,10.253776340960583,18.570421370074115,138.58925248454665,20.704361665947246,14.125061062206672,129.4109571262636,22.62489294122832,5.564717672991301,122.64038591677803,-11.767417023185022,4.601592298343745,117.03512610799544
329,31.083405676948853,36.62055840969512,102.53002452280326,39.78063534869268,29.3617922821322,71.46600411885565,23.060081071013908,39.22204719976154,102.2863139023661,-39.86432858582691,29.36396738267557,71.48289529522194
330,2.5812769428915333e-08,18.03008224802603,25.54320291764528,9.029842181276782e-08,17.186714161081387,17.48705071573191,49.97999999318745,22.440000000194605,26.00999999997696,-1.0929553126666285e-07,16.905464343533218,19.634765346859318
331,20.99025264192261,12.053396129522076,164.4512799799752,3.006101584000282,19.444987875060267,171.18642424712465,10.224654469227845,-4.463733085818868,163.25788785097043,27.966311246100975,4.143425738204475,160.33730917410298
332,54.04316132939816,45.332077459059136,83.09312164575886,55.4811561566056,40.41648379517359,78.06715323757884,0.014601663613238643,58.1550167469099,42.57926469112827,-48.34236750057075,40.26835963536026,77.73224552746566
333,15.009154825365012,11.817703802572208,140.45206133790987,19.419063192138218,2.071950648231717,132.75960649711837,20.810512718741847,8.44312590879126,130.47733023485753,-0.17796754582286867,-2.1802472078914508,82.27972225594444
334,-0.033639167285614384,31.734541708104494,74.80305059072641,31.980541140606285,22.443547473499613,100.8376668876829,32.489151342451756,19.107985329787873,98.22830426047256,3.9038554280249436,14.509954535044814,96.67645943368234
335,18.25357579811421,10.166376571432057,120.86180422765027,10.802144512332891,12.985226642525333,135.31018473135327,19.33614459614012,4.457422301545892,116.10391186063094,15.845451346452371,-1.1505196745697763,125.85492268954991
336,13.90907197754162,8.943840420390142,133.34652052620356,10.847459018541356,10.754308125768421,142.28129731097144,14.342720698944595,4.5990540899484476,131.06019699900168,12.917747374214269,0.8832704097750557,137.91984269068647
337,18.87841308428389,14.39785315275615,48.294716944757106,18.849686176616835,18.211459578099607,48.72472680877612,18.89491715741473,16.47592874126151,47.41159289266085,11.71701370981632,16.12256860751077,52.9016230537177
338,13.490722907498922,5.078270898809534,26.235844965546942,10.199049703767555,4.345861656307747,25.123210520846268,14.209243305368215,5.0344781021989675,26.32358688586246,14.121149701019004,5.731222824372536,25.306957129710113
339,21.122526933775692,35.6690600294001,140.43127111035417,19.811869307044443,27.83930609302429,142.67768980334807,21.298962294411748,31.128977338826576,135.98955042917515,-0.014405915875753452,45.459418623945496,71.24008889102159
340,28.559851380338717,36.739999002640715,50.97651216340936,28.560167498660476,36.69999944440404,50.981873293144034,-2.5128786247187867e-05,36.576157573249354,36.745853579181514,5.623107641059396e-06,36.57579116582453,36.7458707378495
341,23.465977805898596,34.44064005624502,50.922181674630785,23.453868669821734,34.919479513780686,50.922409760310984,9.828385753216749e-05,37.411692222044245,28.955797134636587,5.1735163792311676e-05,31.1950568423597,25.51835303356601
342,15.16732773782292,33.47849911153103,122.08409309562353,26.081697492997705,30.4752895451319,123.06783119493272,18.93100499713971,31.70812692785245,128.24529158209742,3.37956050178345e-05,45.99533377745715,36.61326909719127
343,18.267108858541338,9.20973975012172,50.99238864664442,18.114991302735366,9.152951965415223,51.02274826831691,19.717842555547183,9.177305539938242,50.92672312394903,6.267933632193605e-05,5.249654920245568,26.24039137846226
344,44.511164778468306,35.74506252596759,125.74067256547049,29.221178806014173,28.038649984024918,102.37862439913935,36.813403549252975,27.781098819411937,100.54611899283226,-65.66581219165954,27.881809190848134,101.27277067449393
345,2.410189490588201e-12,-1.2137363817144375,99.33631890185822,2.7169809332449837e-09,23.31895291866968,100.10716464200108,54.05999999728272,26.520000000167133,104.03999999965266,-1.1123963233450276e-12,41.0753584510054,33.648825651947725
346,12.444715998534601,8.822418080524356,53.42071250129547,12.692788614068828,7.715215525254086,47.10818534848306,15.71494422556688,10.63679825646429,48.19743621932479,-0.05138179570170443,6.696038469610546,31.224594993389985
347,15.585030974812437,6.0727744621836415,26.20795952096866,16.08496193309892,6.1304179282211315,26.14735524347078,15.532842115631485,6.6786029225879,25.567166794332547,16.03719389163891,5.614386739107654,25.548912116410808
348,21.441650505006216,15.794142346508853,100.70685641572723,21.59931104355248,13.470080025857305,97.48245234597366,21.22065715984341,10.486619465763688,99.83627802041876,-0.002105443203939071,16.903547701452222,43.255121283137605
349,7.610460610628457,1.6948837950781261,125.14460165206333,18.317416774124872,8.013023500352874,120.12257923588811,16.347067216044227,14.170707810794948,123.23087014027199,4.6375229439452035,18.849794962245806,131.8513191665829
350,0.38218881636061874,33.49562594860863,47.82912918213753,12.609678485171115,33.738828249934045,50.38184609750784,23.083749726453,32.277225716922224,50.38768029128271,13.90438200979037,32.222238351760694,51.08281774705475
351,23.55007731163045,33.14063153819096,66.45235870633341,23.36918713038368,32.63696202996358,66.34904922557381,23.460735588894945,32.140488084508895,66.45386896771858,-5.61807917523826e-08,31.987940270541714,11.84962916533365
352,19.70884954802225,6.873053192471405,119.61386873595292,19.969686147928616,5.05894519996075,126.2922917170008,9.06948640862495,2.4098317431794434,114.60117373171848,13.480749375257691,4.362087574578728,132.4212625541866
353,11.270108504173328,25.6919976413059,117.7702097214928,12.925306392275916,16.893993344525096,115.04953205050951,16.680150750896875,21.9858150920925,111.6719032312087,-0.07616244987489794,9.170072360759564,77.66036257547292
354,40.799999992112184,17.339999999976698,66.58560000068918,-8.306650399286815e-12,20.59171155512132,26.318375248831735,7.900747771870441e-09,17.41050444617403,60.37018203363019,-3.730240649491237e-12,4.566358278683975,25.09324023659899
355,22.638103015191476,10.19056201374082,125.9194689322759,23.29727187105124,10.090760134329935,125.85865319965075,23.424628432636638,10.317767109405278,125.86213331711802,-3.1978921971614274e-06,11.642695715757615,68.48487132405373
356,7.81868223601428,40.31023323420497,154.52214078274002,6.285386574146054,25.274807616279663,159.37144351961396,26.742295053708403,31.940043222676383,156.25361494329127,0.9722627064578224,37.776359532312554,126.34929700545003
357,14.587262434136546,30.758339642575294,26.03901985315206,14.540036095413988,30.576716835186552,25.796943298336032,14.58486420193931,30.461466545418215,26.06656794387894,-1.892161928200097,30.57395159666785,25.377111953612708
358,19.91432896243819,15.684463263724949,143.87897045280286,23.162590734337076,12.522027727545431,138.5316779608133,19.142563617320654,8.318297361874137,141.75511113051058,-0.0010820060071814702,18.092963544437033,46.301337686362864
359,19.135871925571983,4.525071257058448,145.39450110957085,7.326029144350368,3.873982956234311,161.73658408402218,11.557898248201342,2.1446399230689157,140.90999914938777,26.24748157722309,7.155027700699184,145.10342904675883
